grouping,split,group,event_count,node_rmse_mean,node_rmse_median,node_rmse_std,node_rmse_relative_change_mean_pct,pipe_rmse_mean,pipe_rmse_median,pipe_rmse_std,pipe_rmse_relative_change_mean_pct,flood_volume_rmse_mean,flood_volume_rmse_median,flood_volume_rmse_std,flood_volume_rmse_relative_change_mean_pct,node_mae_mean,node_mae_median,node_mae_std,node_mae_relative_change_mean_pct,pipe_mae_mean,pipe_mae_median,pipe_mae_std,pipe_mae_relative_change_mean_pct,flood_volume_mae_mean,flood_volume_mae_median,flood_volume_mae_std,flood_volume_mae_relative_change_mean_pct
rainfall_group,validation,large,11,4.533002573379139,3.625088180297295,2.5851270990382793,-5.164931706025848,3.3876755627465855,2.785587206071525,1.7491371125563782,-3.9510672661131703,7.380151173540915,7.906342483482147,3.7591620461140107,-52.19918567477901,1.4816865210409416,1.346509119144466,0.5212983911901318,-20.447339577839656,1.0923924956405517,0.9814707218134575,0.36333721589071705,-23.141367963780308,1.5044571593048892,1.2747290687223451,0.7455536165301434,-22.572664968010262
rainfall_group,validation,medium,13,2.3008527688367226,2.200888086392888,0.7253397343143358,-25.240233049923837,1.8233864692948067,1.7531358215066144,0.5159684254901128,-29.06035131573657,3.7231153325407713,2.5444868128310456,2.810543331054916,-62.954141805585245,0.9487791907832739,0.8480857466526088,0.29843855180526707,-40.5301726619724,0.7206903036937093,0.6769182413892285,0.1879838626259552,-47.71244763181472,0.7129920988667618,0.6055637271847345,0.3246700489106905,-38.72763483031723
rainfall_group,validation,small,3,1.2989989297583433,1.174610211920339,0.20138155154075754,-23.845281052499228,1.006542552577564,0.9516500208406844,0.10575419962648203,-27.932016912518506,1.5723288864338982,1.6595404507820146,0.30542009648496454,-47.93519034318169,0.6059726265980336,0.5220464277689436,0.12094886331596291,-43.08376587822753,0.44498519995862323,0.40928677100261657,0.06651551541018046,-46.37184044697025,0.38587884751160456,0.35747932469447957,0.0765517245644479,-43.990460660246875
rainfall_group,heldout_test,large,3,2.372307094135729,2.03139795787663,0.7974735712120316,-19.797489571508265,1.856675938709694,1.6449198367408908,0.5534023251450272,-20.838837579996625,3.9504929346234756,2.0896969780532317,3.0068881983112354,-60.182797072104584,1.0209936248371998,0.8420541908966834,0.3996394031858731,-40.272958711390864,0.746442757920129,0.644113056289634,0.25411580178319393,-40.431262459702815,0.8083197560626658,0.601750550696749,0.4209497283752319,-34.684164167613254
max_intensity_group,validation,high_peak,17,3.939978630680643,3.2889392984156296,2.2548274544378955,-15.435776898288038,2.9713022392117208,2.525129569957024,1.533284668218559,-13.530706284276082,6.600855206380694,5.8167061810323695,3.753082208601732,-64.97487800896604,1.3628231439788645,1.3411118048833885,0.4806987863580131,-31.871069826014626,1.0022253813292892,0.9519969538331942,0.331915523147012,-33.414100758112724,1.3016020108445778,1.1541322133112095,0.6852837921894387,-35.02792160121352
max_intensity_group,validation,low_peak,5,1.2755513067462116,1.2297885506344661,0.15875224267768762,-22.65014890782143,1.0072236174579818,0.9786038662136103,0.0840387412753213,-29.886620429074288,1.40882365740248,1.2404180042777788,0.31373923049587826,-35.37299897488076,0.587453025732588,0.5462214043391255,0.09676789156003195,-39.32926359909433,0.4439498151126444,0.4175982471689316,0.053871906989972525,-45.92352310819058,0.3666271996159229,0.35742855249815636,0.06501493134164199,-35.00228792719316
max_intensity_group,validation,medium_peak,5,2.0627435672041914,1.9348968282073118,0.32220388468011635,-16.162833952557627,1.6879653589776908,1.6899122724649738,0.22018221502666313,-25.117449758262193,3.0080984191595146,2.249419044753818,1.366488202589372,-50.99250717957916,0.8690681030246765,0.8480857466526088,0.1367598478221981,-28.521954511767916,0.6925332883558047,0.6769182413892285,0.10093256594808624,-43.255011945443265,0.6030384795438117,0.5864286619653393,0.17841305106285096,-22.648768513276384
max_intensity_group,heldout_test,high_peak,1,3.4737728683115936,3.4737728683115936,0.0,-30.42998164798664,2.6150497484336577,2.6150497484336577,0.0,-22.192324020142326,8.192256758254587,8.192256758254587,0.0,-156.2476970759844,1.5747401860544297,1.5747401860544297,0.0,-82.20141161869452,1.095950926403183,1.095950926403183,0.0,-71.31000593150819,1.3951277638406026,1.3951277638406026,0.0,-78.79427106214895
max_intensity_group,heldout_test,medium_peak,2,1.8215742070477976,1.8215742070477976,0.20982375082883264,-14.481243533269078,1.477489033847712,1.477489033847712,0.1674308028931788,-20.162094359923774,1.8296110228079203,1.8296110228079203,0.26008595524531153,-12.15034707016467,0.7441203442285846,0.7441203442285846,0.09793384666809873,-19.30873225773904,0.5716886736786021,0.5716886736786021,0.0724243826110319,-24.991890723800132,0.5149157521736973,0.5149157521736973,0.08683479852305159,-12.629110720345405
