event_id,event_name,split,rainfall_group,max_intensity_group,total_rainfall,max_step_intensity,window_count,prediction_steps,node_rmse_conditioned,node_mae_conditioned,pipe_rmse_conditioned,pipe_mae_conditioned,flood_volume_rmse_conditioned,flood_volume_mae_conditioned,flood_f1,node_rmse_baseline,pipe_rmse_baseline,flood_volume_rmse_baseline,node_mae_baseline,pipe_mae_baseline,flood_volume_mae_baseline,node_rmse_relative_change_pct,pipe_rmse_relative_change_pct,flood_volume_rmse_relative_change_pct,node_mae_relative_change_pct,pipe_mae_relative_change_pct,flood_volume_mae_relative_change_pct
6,bpswmm_67,validation,small,low_peak,7.900000214576721,4.300000190734863,7,420,1.174610211920339,0.5188611887532484,0.9516500208406844,0.38746408000073834,1.895080525760065,0.35747932469447957,0.9882660977501939,1.0251513419790836,0.7770924758842099,1.1723286890423297,0.3946464031662628,0.2799846287252078,0.268769177333544,-14.579200535671227,-22.46290504329684,-61.650955356910025,-31.474956971710803,-38.387625693915055,-33.006071693572885
14,bpswmm_618,validation,medium,high_peak,36.30000098049641,23.200000762939453,7,420,3.426117179840077,1.1605737994001528,2.676350897138651,0.8568811547665196,9.017452467836598,1.111323022018542,0.9897344250031171,2.836432431350977,2.265665985709466,4.3928334386212535,0.8649662009784556,0.6338202917112172,0.7848615939738728,-20.78966316882213,-18.126454385578125,-105.27644842065399,-34.175624213674936,-35.1930769608326,-41.59477677990914
19,bpswmm_76,validation,medium,medium_peak,34.30000076442957,12.300000190734863,8,480,2.200888086392888,0.896709811980511,1.7531358215066144,0.6769182413892285,2.249419044753818,0.5864286619653393,0.9885298057602142,2.0208003336529865,1.564836389548936,2.0725497787192406,0.7653486703818292,0.5564432401390172,0.5495723578078908,-8.91170442427422,-12.033170573950917,-8.533897127618141,-17.163568277076422,-21.65090570964844,-6.706360615453659
22,bpswmm_710,validation,medium,high_peak,39.80000042915344,16.200000762939453,8,480,3.570384773075484,1.5890296718481134,2.6763278761672504,1.104229383007564,10.441917330494107,1.4523183997050146,0.9909696426284104,2.4955140444374813,1.9596199135244765,3.1133407128907,0.941506822974281,0.6912039288431027,0.7312509362324853,-43.07211698663436,-36.57382524520982,-235.3926952890071,-68.77516265131949,-59.75450036225338,-98.60739012350224
30,bpswmm_718,validation,large,high_peak,66.89999909698963,42.29999923706055,8,480,4.8921852634504965,1.6790906877995944,3.5681740286125025,1.209154179502686,5.8167061810323695,1.6656147734605458,0.9820341499628805,5.605146595532227,4.431979956538247,7.102660600832583,1.56275386303927,1.101483303778651,1.5222741231102508,12.719762452779026,19.490294098722647,18.105249456090753,-7.444347284099521,-9.775080144625804,-9.416218023691224
34,bpswmm_723,validation,medium,medium_peak,36.30000028759241,8.100000381469727,8,480,1.9348968282073118,0.8480857466526088,1.6072178597723101,0.6682582748451913,4.680675710901094,0.6687685806139381,0.9908587442450124,1.9766733590765584,1.5061697443612945,2.2818454490188342,0.8096387624975033,0.587067324029277,0.6078174692339602,2.1134766994969425,-6.708946039403153,-105.12676320448118,-4.748659023748762,-13.82992162784133,-10.027864361449716
35,bpswmm_724,validation,medium,high_peak,41.599999107420444,16.299999237060547,8,480,2.9588771837006043,1.1407462871180172,2.2815181957138506,0.837932421657572,3.8256288705951302,0.9190607571672198,0.9893413701852396,2.2571013543613865,1.8168697750790903,2.3533774733126176,0.837582233920327,0.6278503117063876,0.6327088662656711,-31.091905907689064,-25.574118024751314,-62.55908429386678,-36.195138927281484,-33.46054083818448,-45.25808095461571
36,bpswmm_726,validation,large,high_peak,56.20000039786101,28.899999618530277,8,480,3.9568588082717855,1.3411118048833885,2.991215025095637,0.9757403711022918,8.375015134490793,1.2747290687223451,0.9845682743059753,3.3931088414973334,2.637114920489204,4.359496207252301,1.0159022073361257,0.7456061355940258,0.9627897279452432,-16.61455594585869,-13.427556829443937,-92.10970112919057,-32.01189988552339,-30.8653891809672,-32.399529380401006
41,bpswmm_86,validation,medium,medium_peak,42.19999971985817,11.699999809265137,9,540,2.615965976201584,1.0991929227532447,2.0350281322874917,0.7946046317469646,4.650212878441978,0.9048048571421256,0.9901495162708883,2.053228042782264,1.5997821068073674,2.3533387853596204,0.8085402274592827,0.592845379864728,0.6146395833013254,-27.407473582757625,-27.20658167309612,-97.60065602842496,-35.94783356757583,-34.032356282893346,-47.20901187038378
47,bpswmm_813,validation,large,high_peak,90.70000160485506,35.900001525878906,9,540,3.8545669772852524,1.4538132264837338,2.9681572086989267,1.0866522827019016,4.443550032169338,1.4679296842992051,0.9848758354881202,4.113514360379305,3.2003833407124125,4.710003127921334,1.3607614671208488,0.9923336017189102,1.3919988841629154,6.2950402115570965,7.256197376711493,5.6571744968158795,-6.838212398809873,-9.504735183774246,-5.454803232974647
49,bpswmm_816,validation,small,low_peak,17.700000144541264,3.900000095367432,9,540,1.5830657274961568,0.777010263271909,1.1544713216470641,0.5382047488725148,1.6595404507820146,0.4905515337568625,0.9902442602508618,1.095960728994555,0.821955417306434,1.0422565258537184,0.4543835535240111,0.3273961781983595,0.2856590828634566,-44.44547925987062,-40.45425060039049,-59.22571935183378,-71.00316621183545,-64.38944151218307,-71.72621603330686
58,bpswmm_93,validation,large,high_peak,66.40000015497208,24.0,10,600,2.8650733524562,1.0944571123901488,2.3570713144096787,0.8611110597955058,4.148842478211903,1.038090467424871,0.9886235719589012,2.919501288351096,2.3636382091115227,3.435913029945622,0.99915824492538,0.7372084375434856,0.9403538004557292,1.8642888123415127,0.2778299435391372,-20.74934499368175,-9.537915335111506,-16.80700002090136,-10.393605781331987
64,bpswmm_910,validation,small,low_peak,17.299999751150608,4.099999904632568,10,600,1.139320849858534,0.5220464277689436,0.913506315244944,0.40928677100261657,1.1623656827596154,0.3096056840834716,0.9886552603377554,1.0126291612444391,0.7557202723730747,0.9455593579285452,0.4117956578977692,0.3001990697341414,0.2433259100899935,-12.511163361955836,-20.878895093868195,-22.92889632080126,-26.773174451136363,-36.33845413481263,-27.239094253860884
67,bpswmm_914,validation,large,high_peak,56.69999995827675,32.0,10,600,3.2889392984156296,1.2193666459255161,2.525129569957024,0.8800448266725807,4.232046918892729,1.1541322133112095,0.9868848267927905,3.46500454643508,2.754150275559152,4.470618768049482,0.9182050166697394,0.6732500662573118,0.8803115457630439,5.081241471979955,8.315476015760684,5.336439126990033,-32.798952716253645,-30.71589158020718,-31.104972877621524
74,bpswmm_107,validation,medium,high_peak,31.09999980032444,14.300000190734863,11,660,2.0226486804988917,0.7759807324445716,1.6821025771819436,0.6560265517471953,2.0563710383809113,0.5136432904473385,0.9902347196893935,1.575042312934584,1.24867981775078,1.495703809917803,0.5378564208700668,0.4014766056891147,0.3809397011284023,-28.41868843068332,-34.71048008222625,-37.485177529494955,-44.272839801614985,-63.40343184409418,-34.83585169144818
77,bpswmm_1011,validation,large,high_peak,125.49999771267176,59.29999923706055,11,660,11.21103646491901,2.9003922301258576,7.932563928323225,2.0973654978864866,15.66948800365094,3.51605493367022,0.9690004300066457,11.951397990176677,8.635327381942135,15.915294422842711,2.742459462988395,1.898724382706271,3.426914248437081,6.194769230061613,8.138237527490869,1.5444666787877512,-5.758800422353989,-10.461819366173119,-2.601193924644984
97,bpswmm_138,validation,large,high_peak,106.00000187009572,54.20000076293945,14,840,7.966486099665318,1.823694279763551,5.679459678026695,1.3342561827881125,11.904706679057337,2.0825643469500634,0.9757850571036145,8.757836705244186,6.39605285140731,10.832676334305244,1.8129751594201584,1.2714787834386572,1.9952804006005056,9.035914144243034,11.203678112555696,-9.896264890303751,-0.5912447441817565,-4.937353274560879,-4.374520309190056
99,bpswmm_1310,validation,medium,medium_peak,29.40000009536743,10.399999618530272,14,840,1.8779769879391592,0.8259128155274946,1.6899122724649738,0.7988325905947198,1.7200593602784102,0.39648180293273283,0.9846275608048461,1.402147736235125,1.0559064813972252,1.4052700763563686,0.4991215507206178,0.3656317463704605,0.3071820142949326,-33.935742961128526,-60.0437446154135,-22.400625276120437,-65.47328287770075,-118.48009603228965,-29.070643619148044
102,bpswmm_161,validation,large,high_peak,173.19999972730875,32.099998474121094,17,1020,3.625088180297295,1.4447694737733745,2.785587206071525,1.0508684511474464,7.906342483482147,1.542571075720111,0.9893085075238598,3.6299959423156514,2.8016357628995228,4.361842060428915,1.2450198855144414,0.914210060266941,1.2515804726982749,0.13520020673151006,0.5728280970895471,-81.26154899576278,-16.04388737746118,-14.948248419034293,-23.249851637145728
110,bpswmm_1610,validation,large,high_peak,50.59999984502792,14.800000190734863,17,1020,1.7891282343041137,0.7818736985238762,1.5040942872852232,0.6362175795725409,1.7920724902465457,0.46313317699521733,0.9888179503266044,1.4634186767839024,1.1389739458999442,1.5850782661412062,0.5557270574076013,0.4066770496776656,0.4018911589066973,-22.25675828027632,-32.056952900426914,-13.0589276584592,-40.693833078997685,-56.44295149598689,-15.238458655105157
112,bpswmm_241,validation,medium,low_peak,40.79999958723784,5.800000190734863,25,1500,1.250971193821562,0.5462214043391255,0.9786038662136103,0.4175982471689316,1.2404180042777788,0.35742855249815636,0.9895289248053613,1.0725973489510972,0.7898069050041677,1.0473806386314983,0.4287097723706751,0.3125757527824576,0.2833902879563053,-16.630084443607682,-23.904192279560572,-18.43048826055273,-27.41053261245614,-33.59905349394335,-26.125900458969408
113,bpswmm_242,validation,medium,low_peak,40.30000030249357,5.800000190734863,25,1500,1.2297885506344661,0.5731258445297136,1.0378865633436074,0.4671952285184205,1.0867136234329262,0.31807090304664454,0.9922576957013434,0.9831637290111798,0.7322836565403753,0.9480273177915728,0.4094209678147277,0.2977604681311066,0.2720550792772861,-25.084816938001783,-41.732859128255356,-14.628935584306033,-39.98448774833293,-56.90304070609877,-16.91415719625577
133,test_bpswmm_821,validation,large,high_peak,54.10000064969063,14.5,9,540,3.258019258439154,1.346509119144466,2.516529029512604,0.9814707218134575,8.636783348717765,1.2294946321070448,0.9916214302572575,2.42486533374239,1.929549844522101,2.856686069893676,0.9299433722048526,0.6963229814895574,0.7417800548232137,-34.35877090176074,-30.420524593179525,-202.3357532960988,-44.79474335646432,-40.95049968247765,-65.74921691579678
134,test_bpswmm_97,validation,medium,high_peak,32.00000096857548,16.700000762939453,10,600,2.2121479106627087,0.8176286449451128,1.7776482319569689,0.6144475655397993,2.5444868128310456,0.6055637271847345,0.9887942025095618,1.801646413475112,1.4528723914852535,1.90354599387011,0.6074635481482762,0.4514691181522592,0.4426745425424041,-22.7847980667749,-22.354051352004912,-33.67088691447036,-34.59715359670227,-36.099578206936215,-36.79660088579119
136,test_bpswmm_916,validation,medium,high_peak,40.40000003576279,14.0,10,600,2.9264326866226464,1.3854825804343736,2.153759098228147,0.9519969538331942,3.147019079383955,0.9762962354811947,0.9936025812194037,1.8354814852140584,1.4433318517010776,2.017351071586581,0.6966721496281957,0.5130025373463716,0.513616694897677,-59.436785944008506,-49.2213378156781,-55.99759128236055,-98.87153249541933,-85.57353707403207,-90.0826521372505
138,test_bpswmm_109,validation,large,high_peak,59.80000105500221,17.200000762939453,11,660,3.155646369666262,1.2134734526368496,2.4364499142194016,0.9034362990630602,8.25610915899818,1.114714379692947,0.9900787861103005,2.5263283687232003,1.9838980371741135,2.8925889088036465,0.9450220076831296,0.6995460522607772,0.7515758822321668,-24.91038016808232,-22.81124677606456,-185.42283121775665,-28.40689875697932,-29.1460792528748,-48.31694391020978
143,test_bpswmm_137,validation,medium,medium_peak,34.400000125169754,10.699999809265137,14,840,1.6839899572800134,0.6754392182095229,1.3545327088570636,0.5240527032029191,1.7401251014222723,0.4587084950649231,0.9905559132861129,1.4945852688793126,1.1326016199308735,1.4345561223504637,0.5662805509292639,0.4085168625648911,0.3815259416646913,-12.672725494124697,-19.59480588944728,-21.300594261251057,-19.27642881273781,-28.281780074543583,-20.22996209994671
141,test_bpswmm_118,heldout_test,large,medium_peak,54.40000015497208,12.800000190734863,12,720,2.03139795787663,0.8420541908966834,1.6449198367408908,0.644113056289634,2.0896969780532317,0.601750550696749,0.9886581308599658,1.8195661527042,1.418600290149223,1.8467879181304512,0.7150521742559113,0.5282903807157172,0.5275381862824177,-11.641885339404137,-15.953722000709675,-13.153056587498329,-17.761223755865288,-21.924055368375733,-14.067676301749598
142,test_bpswmm_133,heldout_test,large,high_peak,80.70000091195107,24.0,14,840,3.4737728683115936,1.5747401860544297,2.6150497484336577,1.095950926403183,8.192256758254587,1.3951277638406026,0.9924369024033078,2.6633238956414558,2.1401096749764656,3.197006978691153,0.8642853927773059,0.6397471767302124,0.7802978001211547,-30.42998164798664,-22.192324020142326,-156.2476970759844,-82.20141161869452,-71.31000593150819,-78.79427106214895
145,test_bpswmm_1612,heldout_test,large,medium_peak,51.89999944716692,9.899999618530272,17,1020,1.6117504562189648,0.646186497560486,1.3100582309545332,0.4992642910675702,1.5695250675626087,0.4280809536506458,0.9925386391899094,1.373800025308085,1.0533515435887193,1.412108347167143,0.5346736697244895,0.3898683109463305,0.3849976210798548,-17.32060172713402,-24.370466719137873,-11.14763755283101,-20.856240759612795,-28.059726079224532,-11.190545138941214
