event_id,event_name,split,rainfall_group,max_intensity_group,total_rainfall,max_step_intensity,window_count,prediction_steps,node_rmse,node_mae,pipe_rmse,pipe_mae,flood_volume_rmse,flood_volume_mae,flood_f1
6,bpswmm_67,validation,small,low_peak,7.900000214576721,4.300000190734863,7,420,1.174610211920339,0.5188611887532484,0.9516500208406844,0.38746408000073834,1.895080525760065,0.35747932469447957,0.9882660977501939
14,bpswmm_618,validation,medium,high_peak,36.30000098049641,23.200000762939453,7,420,3.426117179840077,1.1605737994001528,2.676350897138651,0.8568811547665196,9.017452467836598,1.111323022018542,0.9897344250031171
19,bpswmm_76,validation,medium,medium_peak,34.30000076442957,12.300000190734863,8,480,2.200888086392888,0.896709811980511,1.7531358215066144,0.6769182413892285,2.249419044753818,0.5864286619653393,0.9885298057602142
22,bpswmm_710,validation,medium,high_peak,39.80000042915344,16.200000762939453,8,480,3.570384773075484,1.5890296718481134,2.6763278761672504,1.104229383007564,10.441917330494107,1.4523183997050146,0.9909696426284104
30,bpswmm_718,validation,large,high_peak,66.89999909698963,42.29999923706055,8,480,4.8921852634504965,1.6790906877995944,3.5681740286125025,1.209154179502686,5.8167061810323695,1.6656147734605458,0.9820341499628805
34,bpswmm_723,validation,medium,medium_peak,36.30000028759241,8.100000381469727,8,480,1.9348968282073118,0.8480857466526088,1.6072178597723101,0.6682582748451913,4.680675710901094,0.6687685806139381,0.9908587442450124
35,bpswmm_724,validation,medium,high_peak,41.599999107420444,16.299999237060547,8,480,2.9588771837006043,1.1407462871180172,2.2815181957138506,0.837932421657572,3.8256288705951302,0.9190607571672198,0.9893413701852396
36,bpswmm_726,validation,large,high_peak,56.20000039786101,28.899999618530277,8,480,3.9568588082717855,1.3411118048833885,2.991215025095637,0.9757403711022918,8.375015134490793,1.2747290687223451,0.9845682743059753
41,bpswmm_86,validation,medium,medium_peak,42.19999971985817,11.699999809265137,9,540,2.615965976201584,1.0991929227532447,2.0350281322874917,0.7946046317469646,4.650212878441978,0.9048048571421256,0.9901495162708883
47,bpswmm_813,validation,large,high_peak,90.70000160485506,35.900001525878906,9,540,3.8545669772852524,1.4538132264837338,2.9681572086989267,1.0866522827019016,4.443550032169338,1.4679296842992051,0.9848758354881202
49,bpswmm_816,validation,small,low_peak,17.700000144541264,3.900000095367432,9,540,1.5830657274961568,0.777010263271909,1.1544713216470641,0.5382047488725148,1.6595404507820146,0.4905515337568625,0.9902442602508618
58,bpswmm_93,validation,large,high_peak,66.40000015497208,24.0,10,600,2.8650733524562,1.0944571123901488,2.3570713144096787,0.8611110597955058,4.148842478211903,1.038090467424871,0.9886235719589012
64,bpswmm_910,validation,small,low_peak,17.299999751150608,4.099999904632568,10,600,1.139320849858534,0.5220464277689436,0.913506315244944,0.40928677100261657,1.1623656827596154,0.3096056840834716,0.9886552603377554
67,bpswmm_914,validation,large,high_peak,56.69999995827675,32.0,10,600,3.2889392984156296,1.2193666459255161,2.525129569957024,0.8800448266725807,4.232046918892729,1.1541322133112095,0.9868848267927905
74,bpswmm_107,validation,medium,high_peak,31.09999980032444,14.300000190734863,11,660,2.0226486804988917,0.7759807324445716,1.6821025771819436,0.6560265517471953,2.0563710383809113,0.5136432904473385,0.9902347196893935
77,bpswmm_1011,validation,large,high_peak,125.49999771267176,59.29999923706055,11,660,11.21103646491901,2.9003922301258576,7.932563928323225,2.0973654978864866,15.66948800365094,3.51605493367022,0.9690004300066457
97,bpswmm_138,validation,large,high_peak,106.00000187009572,54.20000076293945,14,840,7.966486099665318,1.823694279763551,5.679459678026695,1.3342561827881125,11.904706679057337,2.0825643469500634,0.9757850571036145
99,bpswmm_1310,validation,medium,medium_peak,29.40000009536743,10.399999618530272,14,840,1.8779769879391592,0.8259128155274946,1.6899122724649738,0.7988325905947198,1.7200593602784102,0.39648180293273283,0.9846275608048461
102,bpswmm_161,validation,large,high_peak,173.19999972730875,32.099998474121094,17,1020,3.625088180297295,1.4447694737733745,2.785587206071525,1.0508684511474464,7.906342483482147,1.542571075720111,0.9893085075238598
110,bpswmm_1610,validation,large,high_peak,50.59999984502792,14.800000190734863,17,1020,1.7891282343041137,0.7818736985238762,1.5040942872852232,0.6362175795725409,1.7920724902465457,0.46313317699521733,0.9888179503266044
112,bpswmm_241,validation,medium,low_peak,40.79999958723784,5.800000190734863,25,1500,1.250971193821562,0.5462214043391255,0.9786038662136103,0.4175982471689316,1.2404180042777788,0.35742855249815636,0.9895289248053613
113,bpswmm_242,validation,medium,low_peak,40.30000030249357,5.800000190734863,25,1500,1.2297885506344661,0.5731258445297136,1.0378865633436074,0.4671952285184205,1.0867136234329262,0.31807090304664454,0.9922576957013434
133,test_bpswmm_821,validation,large,high_peak,54.10000064969063,14.5,9,540,3.258019258439154,1.346509119144466,2.516529029512604,0.9814707218134575,8.636783348717765,1.2294946321070448,0.9916214302572575
134,test_bpswmm_97,validation,medium,high_peak,32.00000096857548,16.700000762939453,10,600,2.2121479106627087,0.8176286449451128,1.7776482319569689,0.6144475655397993,2.5444868128310456,0.6055637271847345,0.9887942025095618
136,test_bpswmm_916,validation,medium,high_peak,40.40000003576279,14.0,10,600,2.9264326866226464,1.3854825804343736,2.153759098228147,0.9519969538331942,3.147019079383955,0.9762962354811947,0.9936025812194037
138,test_bpswmm_109,validation,large,high_peak,59.80000105500221,17.200000762939453,11,660,3.155646369666262,1.2134734526368496,2.4364499142194016,0.9034362990630602,8.25610915899818,1.114714379692947,0.9900787861103005
143,test_bpswmm_137,validation,medium,medium_peak,34.400000125169754,10.699999809265137,14,840,1.6839899572800134,0.6754392182095229,1.3545327088570636,0.5240527032029191,1.7401251014222723,0.4587084950649231,0.9905559132861129
141,test_bpswmm_118,heldout_test,large,medium_peak,54.40000015497208,12.800000190734863,12,720,2.03139795787663,0.8420541908966834,1.6449198367408908,0.644113056289634,2.0896969780532317,0.601750550696749,0.9886581308599658
142,test_bpswmm_133,heldout_test,large,high_peak,80.70000091195107,24.0,14,840,3.4737728683115936,1.5747401860544297,2.6150497484336577,1.095950926403183,8.192256758254587,1.3951277638406026,0.9924369024033078
145,test_bpswmm_1612,heldout_test,large,medium_peak,51.89999944716692,9.899999618530272,17,1020,1.6117504562189648,0.646186497560486,1.3100582309545332,0.4992642910675702,1.5695250675626087,0.4280809536506458,0.9925386391899094
