updates,event_id,event_name,category,variable,mae,rmse,r2
2000,141,test_bpswmm_118,node,head,0.10425583680939651,0.25626370879366156,0.9569322381217388
2000,141,test_bpswmm_118,node,upstream_flow,2.939775573070305,5.883609392417779,0.969954148575769
2000,141,test_bpswmm_118,node,downstream_flow,3.0775400227384466,5.804651093020241,0.9686903375096105
2000,141,test_bpswmm_118,pipe,depth,0.037066828992227255,0.05634942974008322,0.9498707901220851
2000,141,test_bpswmm_118,pipe,flow,2.8200696432357932,4.833037056594498,0.958309413988196
2000,141,test_bpswmm_118,flood_volume,flood_volume,1.5254544328447641,4.807486630026748,0.9877462649624742
2000,142,test_bpswmm_133,node,head,0.10704829251771228,0.28606190679590787,0.9522268715634663
2000,142,test_bpswmm_133,node,upstream_flow,3.153183848899073,7.044009872902585,0.9728357245574303
2000,142,test_bpswmm_133,node,downstream_flow,3.355972916337442,7.065860484717051,0.9700729888442323
2000,142,test_bpswmm_133,pipe,depth,0.03856722888232404,0.061935802158964645,0.9401037173303417
2000,142,test_bpswmm_133,pipe,flow,3.1343317628816796,6.151677842551175,0.9568791765039129
2000,142,test_bpswmm_133,flood_volume,flood_volume,1.991540162110198,7.676072412314659,0.9839880865839224
2000,145,test_bpswmm_1612,node,head,0.08504009044937803,0.22124183851197846,0.9680439547488621
2000,145,test_bpswmm_1612,node,upstream_flow,2.450231168933281,5.001534846792657,0.9640409281838813
2000,145,test_bpswmm_1612,node,downstream_flow,2.5191076238639813,4.767246233728851,0.9653517632990518
2000,145,test_bpswmm_1612,pipe,depth,0.03295343996004294,0.050477380660160914,0.9568720528970969
2000,145,test_bpswmm_1612,pipe,flow,2.319674862132353,3.912238285294288,0.9559662981400815
2000,145,test_bpswmm_1612,flood_volume,flood_volume,1.2621613380211045,4.225556022289845,0.9819143320667765
5000,141,test_bpswmm_118,node,head,0.07440653663117626,0.1875139629475045,0.9769407427967073
5000,141,test_bpswmm_118,node,upstream_flow,1.2942184043141594,2.831913428808251,0.9930392378205173
5000,141,test_bpswmm_118,node,downstream_flow,1.3788708172013275,2.934774960425117,0.9919965772827183
5000,141,test_bpswmm_118,pipe,depth,0.020780755221793165,0.03366782874084751,0.9821045745629196
5000,141,test_bpswmm_118,pipe,flow,1.3413818152300678,2.669604861415664,0.9872798650557558
5000,141,test_bpswmm_118,flood_volume,flood_volume,0.6173942153315511,2.40860882560299,0.9969241520578137
5000,142,test_bpswmm_133,node,head,0.08748219229227573,0.24145323824467477,0.9659646914288675
5000,142,test_bpswmm_133,node,upstream_flow,1.5015804633177938,3.7817380099824076,0.9921703726785437
5000,142,test_bpswmm_133,node,downstream_flow,1.6110787785108514,3.7876321699660953,0.9914005866948485
5000,142,test_bpswmm_133,pipe,depth,0.01961875369183933,0.03314122376900839,0.9828504227649367
5000,142,test_bpswmm_133,pipe,flow,1.5488597896219556,3.623623490476601,0.9850381253731898
5000,142,test_bpswmm_133,flood_volume,flood_volume,1.0020522010311315,7.421695957873258,0.9850317363374262
5000,145,test_bpswmm_1612,node,head,0.06375979612669183,0.18034579744863474,0.9787660611202672
5000,145,test_bpswmm_1612,node,upstream_flow,0.9514610077386181,1.9574072059233394,0.994492376545845
5000,145,test_bpswmm_1612,node,downstream_flow,1.0209193142135173,2.01858901746642,0.9937878521832836
5000,145,test_bpswmm_1612,pipe,depth,0.01680664435918951,0.028201710722168687,0.9865377989620334
5000,145,test_bpswmm_1612,pipe,flow,0.9860452602588029,1.7871533064854261,0.9908112122918514
5000,145,test_bpswmm_1612,flood_volume,flood_volume,0.44098994427002,1.5674165541767706,0.9975115112416518
10000,141,test_bpswmm_118,node,head,0.06314126073786643,0.15654770718246197,0.9839279412494315
10000,141,test_bpswmm_118,node,upstream_flow,1.022781921206674,2.1864926699828295,0.9958505273953446
10000,141,test_bpswmm_118,node,downstream_flow,1.0592333408231933,2.2643333614305914,0.995235614698245
10000,141,test_bpswmm_118,pipe,depth,0.01526481654302259,0.025128079991267885,0.9900314860579273
10000,141,test_bpswmm_118,pipe,flow,1.0413159448884117,2.006046396776224,0.992817432826122
10000,141,test_bpswmm_118,flood_volume,flood_volume,0.5275381862824177,1.8467879181304512,0.9981917171453963
10000,142,test_bpswmm_133,node,head,0.07132758435146044,0.2051235271027895,0.9754362552996202
10000,142,test_bpswmm_133,node,upstream_flow,1.2437745889630742,3.258065245482122,0.9941886401598173
10000,142,test_bpswmm_133,node,downstream_flow,1.277754005017383,3.2592664380339884,0.99363244128084
10000,142,test_bpswmm_133,pipe,depth,0.01663963514776587,0.026996715166547263,0.9886201068272792
10000,142,test_bpswmm_133,pipe,flow,1.262854718312659,3.0264517209474797,0.9895631995690548
10000,142,test_bpswmm_133,flood_volume,flood_volume,0.7802978001211547,3.197006978691153,0.9972225114608639
10000,145,test_bpswmm_1612,node,head,0.056607631012815456,0.16469324306039426,0.9822919771789264
10000,145,test_bpswmm_1612,node,upstream_flow,0.7538073482642504,1.6631738593424443,0.9960237180111239
10000,145,test_bpswmm_1612,node,downstream_flow,0.7936060298964027,1.6937261815003315,0.9956264673730183
10000,145,test_bpswmm_1612,pipe,depth,0.012579037432648469,0.01921725654692279,0.9937490224287838
10000,145,test_bpswmm_1612,pipe,flow,0.7671575844600126,1.489540078618996,0.9936167921475391
10000,145,test_bpswmm_1612,flood_volume,flood_volume,0.3849976210798548,1.412108347167143,0.9979802255917422
