event_id,event_name,split,source_set,rainfall_group,max_intensity_group,total_rainfall,max_step_intensity,active_rainfall_duration_minutes,window_count,prediction_steps,node_mae,node_rmse,pipe_mae,pipe_rmse,flood_volume_mae,flood_volume_rmse,flood_f1,flood_precision,flood_recall,flood_accuracy,flood_tp,flood_tn,flood_fp,flood_fn,node_head_rmse,node_upstream_flow_rmse,node_downstream_flow_rmse,pipe_depth_rmse,pipe_flow_rmse
6,bpswmm_67,validation,Train,small,low_peak,7.900000214576721,4.300000190734863,360,7,420,0.3946464031662628,1.0251513419790836,0.27998462872520785,0.7770924758842099,0.26876917733354405,1.1723286890423295,0.9896787323738916,0.9881943100445133,0.9911676210812385,0.99551201011378,10212,37035,122,91,0.22116411085544807,1.2179555837953155,1.2729793611272253,0.021698035475307888,1.0987604959263029
14,bpswmm_618,validation,Train,medium,high_peak,36.30000098049641,23.200000762939453,360,7,420,0.8649662009784556,2.8364324313509774,0.6338202917112172,2.265665985709466,0.7848615939738728,4.3928334386212535,0.9895322754839246,0.9921699291961683,0.9869086088325462,0.9946902654867257,11911,35297,94,158,0.19514461547754489,3.4679322283112937,3.474393681169254,0.028094281744845965,3.2040123952530104
19,bpswmm_76,validation,Train,medium,medium_peak,34.30000076442957,12.300000190734863,420,8,480,0.7653486703818292,2.0208003336529865,0.5564432401390172,1.564836389548936,0.5495723578078908,2.0725497787192406,0.9860977748090011,0.9919368385687889,0.9803270523781854,0.9938606194690266,11810,42097,96,237,0.17638438450026137,2.4370125637731537,2.506144504690887,0.02538275097265696,2.212867273034277
22,bpswmm_710,validation,Train,medium,high_peak,39.80000042915344,16.200000762939453,420,8,480,0.941506822974281,2.4955140444374813,0.6912039288431027,1.9596199135244765,0.7312509362324853,3.1133407128907,0.990395697272378,0.9947266881028939,0.9861022567894938,0.9944690265486725,15468,38472,82,218,0.18867783196285612,3.0056691725129023,3.1005039169602004,0.02647432063192469,2.771194601847808
30,bpswmm_718,validation,Train,large,high_peak,66.89999909698963,42.29999923706055,420,8,480,1.5627538630392699,5.605146595532227,1.101483303778651,4.431979956538247,1.5222741231102508,7.102660600832583,0.9849053259681564,0.9898468115425721,0.9800129328081829,0.9905789085545723,16671,37058,171,340,0.24943687009048301,6.852340641808931,6.8728606888742165,0.032532795479494794,6.267681731512202
34,bpswmm_723,validation,Train,medium,medium_peak,36.30000028759241,8.100000381469727,420,8,480,0.8096387624975033,1.9766733590765586,0.587067324029277,1.5061697443612945,0.6078174692339602,2.2818454490188342,0.992222704362629,0.9949792475565672,0.9894813927168631,0.9957042772861356,14863,39144,75,158,0.17510714395748195,2.357233706419755,2.476792168693743,0.0226388319243229,2.1299253698070824
35,bpswmm_724,validation,Train,medium,high_peak,41.599999107420444,16.299999237060547,420,8,480,0.837582233920327,2.2571013543613865,0.6278503117063876,1.8168697750790905,0.6327088662656711,2.3533774733126176,0.9912591888234649,0.9910054844606947,0.9915130231196957,0.9955936578171092,13552,40449,123,116,0.20224736656037012,2.716586973954179,2.8040632637731067,0.026582228150933036,2.5693043697348164
36,bpswmm_726,validation,Train,large,high_peak,56.200000397861004,28.899999618530273,420,8,480,1.0159022073361257,3.3931088414973334,0.7456061355940258,2.637114920489204,0.9627897279452433,4.359496207252301,0.9861524836969648,0.989498343969626,0.9828291743560941,0.9936578171091446,12249,41647,130,214,0.2155948902475009,4.165304072923309,4.140449692259259,0.031089105472963487,3.7293141025199867
41,bpswmm_86,validation,Train,medium,medium_peak,42.19999971985817,11.699999809265137,480,9,540,0.8085402274592827,2.053228042782264,0.592845379864728,1.5997821068073674,0.6146395833013254,2.3533387853596204,0.9894213909994154,0.9893635672958915,0.9894792214623882,0.9940675188462799,16929,43729,182,180,0.18271237281720235,2.4662654572824745,2.555657854650585,0.02592619294488544,2.262284997749272
47,bpswmm_813,validation,Train,large,high_peak,90.70000160485506,35.900001525878906,480,9,540,1.3607614671208488,4.113514360379305,0.9923336017189102,3.2003833407124125,1.3919988841629154,4.710003127921334,0.9857097645884558,0.9888633810384408,0.9825761987963503,0.9903802032120617,20245,40188,228,359,0.23005028267702093,5.009670476683084,5.060956407797879,0.03008722170589667,4.5259255201681245
49,bpswmm_816,validation,Train,small,low_peak,17.700000144541264,3.9000000953674316,480,9,540,0.4543835535240111,1.095960728994555,0.32739617819835953,0.821955417306434,0.28565908286345665,1.0422565258537184,0.9905622268737836,0.989581040428498,0.9915453609763271,0.9957882661422485,13487,47276,142,115,0.15589996830649225,1.295880041144906,1.3783250260149602,0.01961204214281329,1.1622550425280058
58,bpswmm_93,validation,Train,large,high_peak,66.40000015497208,24.0,480,10,600,0.9991582449253799,2.9195012883510962,0.7372084375434856,2.3636382091115227,0.9403538004557291,3.4359130299456226,0.9894792214623882,0.9907110366291597,0.9882504656827625,0.9935103244837759,20691,46669,194,246,0.21065816732976453,3.5055334718278552,3.638313006392241,0.026984994816025946,3.342580287322749
64,bpswmm_910,validation,Train,small,low_peak,17.299999751150608,4.099999904632568,540,10,600,0.4117956578977692,1.0126291612444391,0.3001990697341414,0.7557202723730747,0.24332591008999355,0.9455593579285452,0.9900339583640927,0.9921580232300067,0.9879189686924493,0.9960176991150442,13411,54119,106,164,0.1615647476666876,1.1933228779001872,1.2751983359459276,0.02153445074686025,1.068532885587664
67,bpswmm_914,validation,Train,large,high_peak,56.69999995827675,32.0,540,10,600,0.9182050166697394,3.46500454643508,0.6732500662573118,2.7541502755591516,0.8803115457630439,4.470618768049482,0.9881860631267383,0.9891198855800174,0.9872540022432956,0.9931710914454277,19364,47973,213,250,0.2190650139747558,4.319960571229158,4.160375067602079,0.02932396539751433,3.894846285256771
74,bpswmm_107,validation,Train,medium,high_peak,31.09999980032444,14.300000190734863,600,11,660,0.5378564208700668,1.575042312934584,0.40147660568911475,1.2486798177507799,0.38093970112840236,1.495703809917803,0.9897100642021636,0.9897971150463234,0.9896230286685818,0.9952936444086886,16880,57349,174,177,0.18278101131566044,1.8787333601422789,1.969575316151657,0.024324765444588593,1.7657323920408516
77,bpswmm_1011,validation,Train,large,high_peak,125.49999771267176,59.29999923706055,600,11,660,2.742459462988395,11.951397990176675,1.898724382706271,8.635327381942135,3.426914248437081,15.915294422842711,0.9686282952032409,0.9677381511027686,0.9695200783545543,0.9785063019576294,24747,48230,825,778,0.32486283893410123,13.635484602964047,15.571633361244004,0.03909994264689101,12.21213450552868
97,bpswmm_138,validation,Train,large,high_peak,106.00000187009573,54.20000076293945,780,14,840,1.8129751594201586,8.757836705244186,1.2714787834386572,6.39605285140731,1.9952804006005056,10.832676334305244,0.9779905027511872,0.9765184014450214,0.9794670491432023,0.9876949009692373,25950,67802,624,544,0.2763514027359239,10.135142288245397,11.282802487254342,0.03522655145257043,9.045316094314446
99,bpswmm_1310,validation,Train,medium,medium_peak,29.40000009536743,10.399999618530273,780,14,840,0.4991215507206178,1.402147736235125,0.3656317463704605,1.0559064813972252,0.3071820142949326,1.4052700763563686,0.9832664998341725,0.98371138996139,0.9828220119341812,0.9941529709228825,16306,78059,270,285,0.1914965135269181,1.6704681451547556,1.7524040869668505,0.023988947782647197,1.4930845673630209
102,bpswmm_161,validation,Train,large,high_peak,173.19999972730875,32.099998474121094,960,17,1020,1.2450198855144414,3.6299959423156514,0.914210060266941,2.8016357628995228,1.2515804726982747,4.361842060428915,0.9909006803995737,0.9923998967887219,0.9894059869036482,0.9932587194169703,42307,72176,324,453,0.2143294075771212,4.48107635456438,4.405068584403189,0.026404525763208158,3.9620233084794445
110,bpswmm_1610,validation,Train,large,high_peak,50.599999845027924,14.800000190734863,960,17,1020,0.5557270574076013,1.4634186767839024,0.40667704967766566,1.1389739458999442,0.40189115890669735,1.5850782661412062,0.9887058910515906,0.99475543983634,0.9827294774748291,0.994698941523512,26744,87905,141,470,0.16358190765124975,1.7603380080448838,1.8163792906773604,0.021784064030940953,1.6106050892233248
112,bpswmm_241,validation,Train,medium,low_peak,40.799999587237835,5.800000190734863,1320,25,1500,0.4287097723706751,1.0725973489510972,0.31257575278245764,0.7898069050041677,0.28339028795630533,1.0473806386314983,0.9894450959817295,0.9902886231096175,0.9886030046624071,0.9949557522123894,40075,128570,393,462,0.14611128680406324,1.2738750565978152,1.3443545108999853,0.019482828141241075,1.116785706298278
113,bpswmm_242,validation,Train,medium,low_peak,40.30000030249357,5.800000190734863,1440,25,1500,0.40942096781472775,0.9831637290111798,0.2977604681311066,0.7322836565403753,0.2720550792772861,0.9480273177915728,0.9924321633059497,0.9944621831969667,0.9904104143893471,0.9964129793510325,39866,129026,222,386,0.15997056752240335,1.1676284248494109,1.2291810416451066,0.01880562049541882,1.0354347183236936
133,test_bpswmm_821,validation,Test,large,high_peak,54.10000064969063,14.5,480,9,540,0.9299433722048526,2.42486533374239,0.6963229814895574,1.929549844522101,0.7417800548232137,2.8566860698936756,0.9923916248894132,0.995209084994381,0.9895900723401753,0.995771878072763,16826,43936,81,177,0.17133260605998743,2.920809299055155,3.013209889305822,0.026246301866665205,2.7286693344245383
134,test_bpswmm_97,validation,Test,medium,high_peak,32.00000096857548,16.700000762939453,540,10,600,0.6074635481482762,1.801646413475112,0.45146911815225926,1.4528723914852535,0.4426745425424041,1.90354599387011,0.9914518453957293,0.9933499025995836,0.9895610278372591,0.9962389380530974,14788,52757,99,156,0.19055866825293838,2.1627196442226073,2.2414550033428084,0.025209132846803133,2.054517186956895
136,test_bpswmm_916,validation,Test,medium,high_peak,40.40000003576279,14.0,540,10,600,0.6966721496281957,1.8354814852140586,0.5130025373463716,1.4433318517010776,0.513616694897677,2.0173510715865812,0.993697420662465,0.9947745844682861,0.992622587086754,0.9966519174041298,17895,49678,94,133,0.16806954747249908,2.2034861867625817,2.2854710892176486,0.021990581436548605,2.0410610188325595
138,test_bpswmm_109,validation,Test,large,high_peak,59.80000105500221,17.200000762939453,600,11,660,0.9450220076831297,2.5263283687232003,0.6995460522607772,1.9838980371741137,0.7515758822321668,2.8925889088036465,0.9927693244065734,0.994779469164715,0.9907672870401866,0.9960176991150442,20389,53894,107,190,0.1769004328428571,3.04035428694279,3.1419670791679994,0.027317756810108593,2.8055225153203573
143,test_bpswmm_137,validation,Test,medium,medium_peak,34.400000125169754,10.699999809265137,780,14,840,0.5662805509292639,1.4945852688793126,0.40851686256489117,1.1326016199308735,0.38152594166469134,1.4345561223504637,0.9908714049444767,0.9949102829537612,0.9868651863261028,0.9955225453013063,23066,71429,118,307,0.1605903986417221,1.7914668621256113,1.8617767276510497,0.021780083246577733,1.6015924846582696
141,test_bpswmm_118,heldout_test,Test,large,medium_peak,54.400000154972076,12.800000190734863,660,12,720,0.7150521742559113,1.8195661527041997,0.5282903807157172,1.418600290149223,0.5275381862824177,1.8467879181304512,0.991589043159507,0.9955633980337787,0.9876462938881665,0.9958824975417896,19747,61278,88,247,0.15654770718246197,2.1864926699828295,2.2643333614305914,0.025128079991267885,2.006046396776224
142,test_bpswmm_133,heldout_test,Test,large,high_peak,80.70000091195107,24.0,780,14,840,0.8642853927773059,2.6633238956414553,0.6397471767302124,2.1401096749764656,0.7802978001211547,3.197006978691153,0.992385611907387,0.9927618653706959,0.9920096435336663,0.9953434471133586,28803,65675,210,232,0.2051235271027895,3.258065245482122,3.2592664380339884,0.026996715166547263,3.0264517209474797
145,test_bpswmm_1612,heldout_test,Test,large,medium_peak,51.89999944716692,9.899999618530273,960,17,1020,0.5346736697244895,1.373800025308085,0.3898683109463305,1.0533515435887193,0.3849976210798548,1.412108347167143,0.9917826776706298,0.9931457946594316,0.990423297376197,0.9960003470414714,27820,86979,192,269,0.16469324306039426,1.6631738593424443,1.6937261815003315,0.01921725654692279,1.489540078618996
