event_id,event_name,split,source_set,duration_hours,steps,nominal_event_duration_minutes,context_minutes_each_side,recorded_steps_including_context,manifest_total_precipitation,total_rainfall,max_step_intensity,mean_intensity_event,mean_wet_step_intensity,rainfall_duration_minutes,effective_rainfall_steps,active_rainfall_duration_minutes,peak_time_from_event_start_minute,peak_time_from_rain_start_minute,peak_time_fraction,pre_rain_dry_minutes,post_rain_dry_minutes,rainfall_before_peak,rainfall_after_peak,peak_step_intensity,rainfall_rate_unit,rainfall_depth_unit,rainfall_group,max_intensity_group,window_count,prediction_steps,node_mae,node_rmse,pipe_mae,pipe_rmse,flood_volume_mae,flood_volume_rmse,flood_f1,flood_precision,flood_recall,flood_accuracy,flood_tp,flood_tn,flood_fp,flood_fn,node_head_rmse,node_upstream_flow_rmse,node_downstream_flow_rmse,pipe_depth_rmse,pipe_flow_rmse
0,bpswmm_61,train,Train,6,480,360,60,480,11.5,11.499999858438969,6.699999809265137,1.9166666430731614,1.9166666430731614,360,360,360,1,1,0.0,0,0,0.0,11.388333194951215,6.699999809265137,mm/h,mm,small,low_peak,,,,,,,,,,,,,,,,,,,,,
1,bpswmm_62,train,Train,6,480,360,60,480,8.200000000000001,8.19999996572733,3.0,1.3666666609545548,1.3666666609545548,360,360,360,241,241,0.6685236768802229,0,0,4.3999999538064,3.7500000119209287,3.0,mm/h,mm,small,low_peak,,,,,,,,,,,,,,,,,,,,,
2,bpswmm_63,train,Train,6,480,360,60,480,58.19999999999999,58.200000286102295,27.200000762939453,9.700000047683716,9.700000047683716,360,360,360,61,61,0.1671309192200557,0,0,2.700000047683716,55.046666892369586,27.200000762939453,mm/h,mm,large,high_peak,,,,,,,,,,,,,,,,,,,,,
3,bpswmm_64,train,Train,6,480,360,60,480,13.5,13.500000305473804,5.400000095367432,2.2500000509123006,2.2500000509123006,360,360,360,61,61,0.1671309192200557,0,0,2.5,10.910000303884347,5.400000095367432,mm/h,mm,small,low_peak,,,,,,,,,,,,,,,,,,,,,
4,bpswmm_65,train,Train,6,480,360,60,480,2.7,2.7000000402331352,1.0,0.45000000670552254,0.45000000670552254,360,360,360,241,241,0.6685236768802229,0,0,1.500000037252903,1.1833333363135656,1.0,mm/h,mm,small,low_peak,,,,,,,,,,,,,,,,,,,,,
5,bpswmm_66,train,Train,6,480,360,60,480,17.799999999999997,17.799999713897705,4.599999904632568,2.9666666189829507,2.9666666189829507,360,360,360,241,241,0.6685236768802229,0,0,10.699999809265137,7.023333239555359,4.599999904632568,mm/h,mm,small,low_peak,,,,,,,,,,,,,,,,,,,,,
6,bpswmm_67,validation,Train,6,480,360,60,480,7.899999999999999,7.900000214576721,4.300000190734863,1.3166667024294536,1.3166667024294536,360,360,360,1,1,0.0,0,0,0.0,7.82833354473114,4.300000190734863,mm/h,mm,small,low_peak,7.0,420.0,0.3946464031662628,1.0251513419790836,0.27998462872520785,0.7770924758842099,0.26876917733354405,1.1723286890423295,0.9896787323738916,0.9881943100445133,0.9911676210812385,0.99551201011378,10212.0,37035.0,122.0,91.0,0.22116411085544807,1.2179555837953155,1.2729793611272253,0.021698035475307888,1.0987604959263029
7,bpswmm_69,train,Train,6,480,360,60,480,41.1,41.09999977052212,17.399999618530273,6.849999961753686,6.849999961753686,360,360,360,1,1,0.0,0,0,0.0,40.80999977687995,17.399999618530273,mm/h,mm,medium,high_peak,,,,,,,,,,,,,,,,,,,,,
8,bpswmm_610,train,Train,6,480,360,60,480,69.19999999999999,69.19999942928553,24.399999618530273,11.533333238214254,11.533333238214254,360,360,360,121,121,0.3342618384401114,0,0,23.59999942779541,45.19333334118128,24.399999618530273,mm/h,mm,large,high_peak,,,,,,,,,,,,,,,,,,,,,
9,bpswmm_611,train,Train,6,480,360,60,480,29.9,29.90000021457672,15.300000190734863,4.98333336909612,4.98333336909612,360,360,360,121,121,0.3342618384401114,0,0,6.200000047683716,23.44500016371409,15.300000190734863,mm/h,mm,medium,high_peak,,,,,,,,,,,,,,,,,,,,,
10,bpswmm_613,train,Train,6,480,360,60,480,46.00000000000001,46.00000023841858,21.100000381469727,7.666666706403096,7.666666706403096,360,360,360,181,181,0.5013927576601671,0,0,8.100000143051147,37.548333422342935,21.100000381469727,mm/h,mm,large,high_peak,,,,,,,,,,,,,,,,,,,,,
11,bpswmm_614,train,Train,6,480,360,60,480,26.9,26.899999916553497,13.699999809265137,4.483333319425583,4.483333319425583,360,360,360,301,301,0.8356545961002786,0,0,13.20000010728836,13.471666479110718,13.699999809265137,mm/h,mm,medium,high_peak,,,,,,,,,,,,,,,,,,,,,
12,bpswmm_615,train,Train,6,480,360,60,480,14.6,14.599999561905861,4.699999809265137,2.4333332603176436,2.4333332603176436,360,360,360,121,121,0.3342618384401114,0,0,4.199999988079071,10.321666243672372,4.699999809265137,mm/h,mm,small,low_peak,,,,,,,,,,,,,,,,,,,,,
13,bpswmm_616,train,Train,6,480,360,60,480,40.3,40.300000578165054,18.200000762939453,6.716666763027509,6.716666763027509,360,360,360,61,61,0.1671309192200557,0,0,0.4000000059604645,39.596667226155596,18.200000762939453,mm/h,mm,medium,high_peak,,,,,,,,,,,,,,,,,,,,,
14,bpswmm_618,validation,Train,6,480,360,60,480,36.3,36.30000098049641,23.200000762939453,6.050000163416068,6.050000163416068,360,360,360,61,61,0.1671309192200557,0,0,0.20000000298023224,35.71333429813385,23.200000762939453,mm/h,mm,medium,high_peak,7.0,420.0,0.8649662009784556,2.8364324313509774,0.6338202917112172,2.265665985709466,0.7848615939738728,4.3928334386212535,0.9895322754839246,0.9921699291961683,0.9869086088325462,0.9946902654867257,11911.0,35297.0,94.0,158.0,0.19514461547754489,3.4679322283112937,3.474393681169254,0.028094281744845965,3.2040123952530104
15,bpswmm_72,train,Train,7,540,420,60,540,36.6,36.599999368190765,12.699999809265137,5.228571338312967,5.228571338312967,420,420,420,181,181,0.4295942720763723,0,0,11.099999964237213,25.2883327404658,12.699999809265137,mm/h,mm,medium,medium_peak,,,,,,,,,,,,,,,,,,,,,
16,bpswmm_73,train,Train,7,540,420,60,540,39.4,39.39999986439943,15.300000190734863,5.628571409199919,5.628571409199919,420,420,420,241,241,0.5727923627684964,0,0,22.499999672174454,16.645000189046065,15.300000190734863,mm/h,mm,medium,high_peak,,,,,,,,,,,,,,,,,,,,,
17,bpswmm_74,train,Train,7,540,420,60,540,17.8,17.799999870359898,4.5,2.5428571243371283,2.5428571243371283,420,420,420,181,181,0.4295942720763723,0,0,6.1999999061226845,11.524999964237214,4.5,mm/h,mm,small,low_peak,,,,,,,,,,,,,,,,,,,,,
18,bpswmm_75,train,Train,7,540,420,60,540,13.6,13.599999941885471,4.699999809265137,1.9428571345550674,1.9428571345550674,420,420,420,181,181,0.4295942720763723,0,0,6.400000095367432,7.121666516363621,4.699999809265137,mm/h,mm,small,low_peak,,,,,,,,,,,,,,,,,,,,,
19,bpswmm_76,validation,Train,7,540,420,60,540,34.300000000000004,34.30000076442957,12.300000190734863,4.900000109204224,4.900000109204224,420,420,420,181,181,0.4295942720763723,0,0,5.900000192224979,28.195000569025677,12.300000190734863,mm/h,mm,medium,medium_peak,8.0,480.0,0.7653486703818292,2.0208003336529865,0.5564432401390172,1.564836389548936,0.5495723578078908,2.0725497787192406,0.9860977748090011,0.9919368385687889,0.9803270523781854,0.9938606194690266,11810.0,42097.0,96.0,237.0,0.17638438450026137,2.4370125637731537,2.506144504690887,0.02538275097265696,2.212867273034277
20,bpswmm_78,train,Train,7,540,420,60,540,21.9,21.900000482797623,11.100000381469727,3.1285714975425174,3.1285714975425174,420,420,420,61,61,0.1431980906921241,0,0,4.599999904632568,17.115000571807226,11.100000381469727,mm/h,mm,small,medium_peak,,,,,,,,,,,,,,,,,,,,,
21,bpswmm_79,train,Train,7,540,420,60,540,8.9,8.900000020861626,4.0,1.2714285744088036,1.2714285744088036,420,420,420,61,61,0.1431980906921241,0,0,0.20000000298023224,8.633333351214727,4.0,mm/h,mm,small,low_peak,,,,,,,,,,,,,,,,,,,,,
22,bpswmm_710,validation,Train,7,540,420,60,540,39.8,39.80000042915344,16.200000762939453,5.6857143470219205,5.6857143470219205,420,420,420,1,1,0.0,0,0,0.0,39.53000041643779,16.200000762939453,mm/h,mm,medium,high_peak,8.0,480.0,0.941506822974281,2.4955140444374813,0.6912039288431027,1.9596199135244765,0.7312509362324853,3.1133407128907,0.990395697272378,0.9947266881028939,0.9861022567894938,0.9944690265486725,15468.0,38472.0,82.0,218.0,0.18867783196285612,3.0056691725129023,3.1005039169602004,0.02647432063192469,2.771194601847808
23,bpswmm_711,train,Train,7,540,420,60,540,23.200000000000003,23.200000002980232,10.800000190734863,3.314285714711462,3.314285714711462,420,420,420,181,181,0.4295942720763723,0,0,3.300000049173832,19.719999950627486,10.800000190734863,mm/h,mm,small,medium_peak,,,,,,,,,,,,,,,,,,,,,
24,bpswmm_712,train,Train,7,540,420,60,540,21.4,21.40000032633543,7.900000095367432,3.0571429037622044,3.0571429037622044,420,420,420,61,61,0.1431980906921241,0,0,6.900000095367432,14.368333562711875,7.900000095367432,mm/h,mm,small,medium_peak,,,,,,,,,,,,,,,,,,,,,
25,bpswmm_713,train,Train,7,540,420,60,540,6.3,6.300000011920929,3.299999952316284,0.9000000017029899,0.9000000017029899,420,420,420,301,301,0.7159904534606205,0,0,1.300000011920929,4.945000000794728,3.299999952316284,mm/h,mm,small,low_peak,,,,,,,,,,,,,,,,,,,,,
26,bpswmm_714,train,Train,7,540,420,60,540,8.500000000000002,8.499999850988388,3.0999999046325684,1.2142856929983412,1.2142856929983412,420,420,420,1,1,0.0,0,0,0.0,8.448333185911178,3.0999999046325684,mm/h,mm,small,low_peak,,,,,,,,,,,,,,,,,,,,,
27,bpswmm_715,train,Train,7,540,420,60,540,40.8,40.799999095499516,18.799999237060547,5.8285712993570735,5.8285712993570735,420,420,420,121,121,0.2863961813842482,0,0,13.299999952316284,27.186665822565555,18.799999237060547,mm/h,mm,medium,high_peak,,,,,,,,,,,,,,,,,,,,,
28,bpswmm_716,train,Train,7,540,420,60,540,18.8,18.80000028014183,6.300000190734863,2.6857143257345473,2.6857143257345473,420,420,420,301,301,0.7159904534606205,0,0,11.600000113248825,7.095000163714091,6.300000190734863,mm/h,mm,small,low_peak,,,,,,,,,,,,,,,,,,,,,
29,bpswmm_717,train,Train,7,540,420,60,540,29.1,29.100000239908695,14.600000381469727,4.1571428914155275,4.1571428914155275,420,420,420,241,241,0.5727923627684964,0,0,6.499999858438969,22.356667041778564,14.600000381469727,mm/h,mm,medium,high_peak,,,,,,,,,,,,,,,,,,,,,
30,bpswmm_718,validation,Train,7,540,420,60,540,66.9,66.89999909698963,42.29999923706055,9.557142728141375,9.557142728141375,420,420,420,61,61,0.1431980906921241,0,0,4.0,62.194999109705286,42.29999923706055,mm/h,mm,large,high_peak,8.0,480.0,1.5627538630392699,5.605146595532227,1.101483303778651,4.431979956538247,1.5222741231102508,7.102660600832583,0.9849053259681564,0.9898468115425721,0.9800129328081829,0.9905789085545723,16671.0,37058.0,171.0,340.0,0.24943687009048301,6.852340641808931,6.8728606888742165,0.032532795479494794,6.267681731512202
31,bpswmm_720,train,Train,7,540,420,60,540,4.9,4.899999864399433,2.5999999046325684,0.6999999806284904,0.6999999806284904,420,420,420,121,121,0.2863961813842482,0,0,0.20000000298023224,4.6566665296753245,2.5999999046325684,mm/h,mm,small,low_peak,,,,,,,,,,,,,,,,,,,,,
32,bpswmm_721,train,Train,7,540,420,60,540,3.8,3.8000000417232513,0.8999999761581421,0.5428571488176074,0.5428571488176074,420,420,420,61,61,0.1431980906921241,0,0,0.6000000238418579,3.1850000182787577,0.8999999761581421,mm/h,mm,small,low_peak,,,,,,,,,,,,,,,,,,,,,
33,bpswmm_722,train,Train,7,540,420,60,540,25.4,25.400000363588333,7.300000190734863,3.628571480512619,3.628571480512619,420,420,420,301,301,0.7159904534606205,0,0,13.500000268220901,11.77833342552185,7.300000190734863,mm/h,mm,small,medium_peak,,,,,,,,,,,,,,,,,,,,,
34,bpswmm_723,validation,Train,7,540,420,60,540,36.3,36.30000028759241,8.100000381469727,5.185714326798916,5.185714326798916,420,420,420,241,241,0.5727923627684964,0,0,24.5,11.665000281234581,8.100000381469727,mm/h,mm,medium,medium_peak,8.0,480.0,0.8096387624975033,1.9766733590765586,0.587067324029277,1.5061697443612945,0.6078174692339602,2.2818454490188342,0.992222704362629,0.9949792475565672,0.9894813927168631,0.9957042772861356,14863.0,39144.0,75.0,158.0,0.17510714395748195,2.357233706419755,2.476792168693743,0.0226388319243229,2.1299253698070824
35,bpswmm_724,validation,Train,7,540,420,60,540,41.60000000000001,41.599999107420444,16.299999237060547,5.942857015345778,5.942857015345778,420,420,420,121,121,0.2863961813842482,0,0,5.399999916553497,35.92833253691594,16.299999237060547,mm/h,mm,medium,high_peak,8.0,480.0,0.837582233920327,2.2571013543613865,0.6278503117063876,1.8168697750790905,0.6327088662656711,2.3533774733126176,0.9912591888234649,0.9910054844606947,0.9915130231196957,0.9955936578171092,13552.0,40449.0,123.0,116.0,0.20224736656037012,2.716586973954179,2.8040632637731067,0.026582228150933036,2.5693043697348164
36,bpswmm_726,validation,Train,7,540,420,60,540,56.2,56.200000397861004,28.899999618530273,8.028571485408715,8.028571485408715,420,420,420,241,241,0.5727923627684964,0,0,23.700000777840614,32.01833295971155,28.899999618530273,mm/h,mm,large,high_peak,8.0,480.0,1.0159022073361257,3.3931088414973334,0.7456061355940258,2.637114920489204,0.9627897279452433,4.359496207252301,0.9861524836969648,0.989498343969626,0.9828291743560941,0.9936578171091446,12249.0,41647.0,130.0,214.0,0.2155948902475009,4.165304072923309,4.140449692259259,0.031089105472963487,3.7293141025199867
37,bpswmm_81,train,Train,8,600,480,60,600,62.30000000000001,62.30000036209822,32.20000076293945,7.787500045262277,7.787500045262277,480,480,480,181,181,0.3757828810020877,0,0,27.699999570846558,34.06333411186934,32.20000076293945,mm/h,mm,large,high_peak,,,,,,,,,,,,,,,,,,,,,
38,bpswmm_83,train,Train,8,600,480,60,600,28.4,28.40000069141388,14.100000381469727,3.550000086426735,4.057142955916269,480,420,420,241,241,0.5010438413361169,0,0,8.300000101327896,19.865000583728154,14.100000381469727,mm/h,mm,medium,high_peak,,,,,,,,,,,,,,,,,,,,,
39,bpswmm_84,train,Train,8,600,480,60,600,28.0,28.000000298023224,8.5,3.500000037252903,3.500000037252903,480,480,480,181,181,0.3757828810020877,0,0,4.000000104308128,23.85833352704843,8.5,mm/h,mm,medium,medium_peak,,,,,,,,,,,,,,,,,,,,,
40,bpswmm_85,train,Train,8,600,480,60,600,43.3,43.29999928921461,19.299999237060547,5.412499911151826,5.412499911151826,480,480,480,121,121,0.25052192066805845,0,0,2.2999999076128006,40.6783327276508,19.299999237060547,mm/h,mm,large,high_peak,,,,,,,,,,,,,,,,,,,,,
41,bpswmm_86,validation,Train,8,600,480,60,600,42.2,42.19999971985817,11.699999809265137,5.274999964982271,5.274999964982271,480,480,480,121,121,0.25052192066805845,0,0,7.6999999061226845,34.304999816914396,11.699999809265137,mm/h,mm,medium,medium_peak,9.0,540.0,0.8085402274592827,2.053228042782264,0.592845379864728,1.5997821068073674,0.6146395833013254,2.3533387853596204,0.9894213909994154,0.9893635672958915,0.9894792214623882,0.9940675188462799,16929.0,43729.0,182.0,180.0,0.18271237281720235,2.4662654572824745,2.555657854650585,0.02592619294488544,2.262284997749272
42,bpswmm_87,train,Train,8,600,480,60,600,26.6,26.60000003874302,8.100000381469727,3.3250000048428774,3.3250000048428774,480,480,480,301,301,0.6263048016701461,0,0,12.299999848008156,14.165000184377034,8.100000381469727,mm/h,mm,small,medium_peak,,,,,,,,,,,,,,,,,,,,,
43,bpswmm_88,train,Train,8,600,480,60,600,18.2,18.200000196695328,3.4000000953674316,2.275000024586916,2.275000024586916,480,480,480,301,301,0.6263048016701461,0,0,12.50000011920929,5.643333409229914,3.4000000953674316,mm/h,mm,small,low_peak,,,,,,,,,,,,,,,,,,,,,
44,bpswmm_810,train,Train,8,600,480,60,600,29.000000000000004,28.999999418854713,11.899999618530273,3.624999927356839,3.624999927356839,480,480,480,121,121,0.25052192066805845,0,0,13.699999809265137,15.101666282614072,11.899999618530273,mm/h,mm,medium,medium_peak,,,,,,,,,,,,,,,,,,,,,
45,bpswmm_811,train,Train,8,600,480,60,600,44.2,44.19999958574772,13.899999618530273,5.524999948218465,5.524999948218465,480,480,480,121,121,0.25052192066805845,0,0,16.09999990463257,27.86833302080631,13.899999618530273,mm/h,mm,large,high_peak,,,,,,,,,,,,,,,,,,,,,
46,bpswmm_812,train,Train,8,600,480,60,600,10.6,10.600000262260437,6.300000190734863,1.3250000327825546,1.3250000327825546,480,480,480,181,181,0.3757828810020877,0,0,1.5,8.995000259081522,6.300000190734863,mm/h,mm,small,low_peak,,,,,,,,,,,,,,,,,,,,,
47,bpswmm_813,validation,Train,8,600,480,60,600,90.7,90.70000160485506,35.900001525878906,11.337500200606883,11.337500200606883,480,480,480,181,181,0.3757828810020877,0,0,33.19999933242798,56.901668913662434,35.900001525878906,mm/h,mm,large,high_peak,9.0,540.0,1.3607614671208488,4.113514360379305,0.9923336017189102,3.2003833407124125,1.3919988841629154,4.710003127921334,0.9857097645884558,0.9888633810384408,0.9825761987963503,0.9903802032120617,20245.0,40188.0,228.0,359.0,0.23005028267702093,5.009670476683084,5.060956407797879,0.03008722170589667,4.5259255201681245
48,bpswmm_814,train,Train,8,600,480,60,600,41.2,41.20000007748604,9.5,5.150000009685755,5.150000009685755,480,480,480,301,301,0.6263048016701461,0,0,24.300000220537186,16.741666523615518,9.5,mm/h,mm,medium,medium_peak,,,,,,,,,,,,,,,,,,,,,
49,bpswmm_816,validation,Train,8,600,480,60,600,17.700000000000003,17.700000144541264,3.9000000953674316,2.212500018067658,2.212500018067658,480,480,480,181,181,0.3757828810020877,0,0,8.0,9.635000142951807,3.9000000953674316,mm/h,mm,small,low_peak,9.0,540.0,0.4543835535240111,1.095960728994555,0.32739617819835953,0.821955417306434,0.28565908286345665,1.0422565258537184,0.9905622268737836,0.989581040428498,0.9915453609763271,0.9957882661422485,13487.0,47276.0,142.0,115.0,0.15589996830649225,1.295880041144906,1.3783250260149602,0.01961204214281329,1.1622550425280058
50,bpswmm_817,train,Train,8,600,480,60,600,23.099999999999994,23.099999725818634,8.0,2.8874999657273293,2.8874999657273293,480,480,480,1,1,0.0,0,0,0.0,22.9666663924853,8.0,mm/h,mm,small,medium_peak,,,,,,,,,,,,,,,,,,,,,
51,bpswmm_818,train,Train,8,600,480,60,600,44.7,44.69999969005585,10.899999618530273,5.587499961256981,5.587499961256981,480,480,480,1,1,0.0,0,0,0.0,44.51833302974701,10.899999618530273,mm/h,mm,large,medium_peak,,,,,,,,,,,,,,,,,,,,,
52,bpswmm_819,train,Train,8,600,480,60,600,97.1,97.09999871253967,32.29999923706055,12.137499839067459,12.137499839067459,480,480,480,301,301,0.6263048016701461,0,0,45.09999990463257,51.46166548728943,32.29999923706055,mm/h,mm,large,high_peak,,,,,,,,,,,,,,,,,,,,,
53,bpswmm_820,train,Train,8,600,480,60,600,24.0,24.000000074505806,4.900000095367432,3.0000000093132257,3.0000000093132257,480,480,480,121,121,0.25052192066805845,0,0,7.400000095367432,16.51833331088225,4.900000095367432,mm/h,mm,small,low_peak,,,,,,,,,,,,,,,,,,,,,
54,bpswmm_822,train,Train,8,600,480,60,600,62.9,62.90000009536743,19.600000381469727,7.862500011920929,7.862500011920929,480,480,480,301,301,0.6263048016701461,0,0,33.89999961853027,28.673333803812664,19.600000381469727,mm/h,mm,large,high_peak,,,,,,,,,,,,,,,,,,,,,
55,bpswmm_823,train,Train,8,600,480,60,600,26.4,26.39999981224537,8.0,3.299999976530671,3.299999976530671,480,480,480,181,181,0.3757828810020877,0,0,11.099999904632568,15.166666574279468,8.0,mm/h,mm,small,medium_peak,,,,,,,,,,,,,,,,,,,,,
56,bpswmm_91,train,Train,9,660,540,60,660,60.0,60.00000049173832,13.600000381469727,6.666666721304257,6.666666721304257,540,540,540,361,361,0.6679035250463822,0,0,33.90000011026859,25.87333370844523,13.600000381469727,mm/h,mm,large,medium_peak,,,,,,,,,,,,,,,,,,,,,
57,bpswmm_92,train,Train,9,660,540,60,660,25.1,25.100000120699406,5.099999904632568,2.788888902299934,2.788888902299934,540,540,540,241,241,0.4452690166975881,0,0,8.100000023841858,16.915000098447006,5.099999904632568,mm/h,mm,small,low_peak,,,,,,,,,,,,,,,,,,,,,
58,bpswmm_93,validation,Train,9,660,540,60,660,66.4,66.40000015497208,24.0,7.377777794996898,8.30000001937151,540,480,480,181,181,0.3339517625231911,0,0,9.700000166893005,56.29999998807907,24.0,mm/h,mm,large,high_peak,10.0,600.0,0.9991582449253799,2.9195012883510962,0.7372084375434856,2.3636382091115227,0.9403538004557291,3.4359130299456226,0.9894792214623882,0.9907110366291597,0.9882504656827625,0.9935103244837759,20691.0,46669.0,194.0,246.0,0.21065816732976453,3.5055334718278552,3.638313006392241,0.026984994816025946,3.342580287322749
59,bpswmm_94,train,Train,9,660,540,60,660,24.8,24.800000183284283,5.400000095367432,2.755555575920476,2.755555575920476,540,540,540,61,61,0.11131725417439703,0,0,4.900000095367432,19.810000086327392,5.400000095367432,mm/h,mm,small,low_peak,,,,,,,,,,,,,,,,,,,,,
60,bpswmm_95,train,Train,9,660,540,60,660,52.8,52.80000030994415,21.100000381469727,5.866666701104906,5.866666701104906,540,540,540,121,121,0.22263450834879406,0,0,7.500000238418579,44.94833339850108,21.100000381469727,mm/h,mm,large,high_peak,,,,,,,,,,,,,,,,,,,,,
61,bpswmm_96,train,Train,9,660,540,60,660,71.4,71.40000012516975,33.5,7.933333347241084,7.933333347241084,540,540,540,121,121,0.22263450834879406,0,0,2.600000023841858,68.24166676799456,33.5,mm/h,mm,large,high_peak,,,,,,,,,,,,,,,,,,,,,
62,bpswmm_98,train,Train,9,660,540,60,660,45.7,45.70000038295984,15.600000381469727,5.077777820328872,5.077777820328872,540,540,540,181,181,0.3339517625231911,0,0,10.500000335276127,34.94000004132589,15.600000381469727,mm/h,mm,large,high_peak,,,,,,,,,,,,,,,,,,,,,
63,bpswmm_99,train,Train,9,660,540,60,660,32.1,32.09999977052212,9.300000190734863,3.566666641169124,3.566666641169124,540,540,540,61,61,0.11131725417439703,0,0,0.10000000149011612,31.844999765853085,9.300000190734863,mm/h,mm,medium,medium_peak,,,,,,,,,,,,,,,,,,,,,
64,bpswmm_910,validation,Train,9,660,540,60,660,17.3,17.299999751150608,4.099999904632568,1.9222221945722897,1.9222221945722897,540,540,540,301,301,0.5565862708719852,0,0,10.199999928474426,7.031666490932306,4.099999904632568,mm/h,mm,small,low_peak,10.0,600.0,0.4117956578977692,1.0126291612444391,0.3001990697341414,0.7557202723730747,0.24332591008999355,0.9455593579285452,0.9900339583640927,0.9921580232300067,0.9879189686924493,0.9960176991150442,13411.0,54119.0,106.0,164.0,0.1615647476666876,1.1933228779001872,1.2751983359459276,0.02153445074686025,1.068532885587664
65,bpswmm_911,train,Train,9,660,540,60,660,42.5,42.50000066310167,14.300000190734863,4.722222295900186,4.722222295900186,540,540,540,301,301,0.5565862708719852,0,0,7.000000089406967,35.26166723718246,14.300000190734863,mm/h,mm,large,high_peak,,,,,,,,,,,,,,,,,,,,,
66,bpswmm_913,train,Train,9,660,540,60,660,27.0,27.000000305473804,8.800000190734863,3.000000033941534,3.000000033941534,540,540,540,61,61,0.11131725417439703,0,0,6.5,20.353333635628225,8.800000190734863,mm/h,mm,medium,medium_peak,,,,,,,,,,,,,,,,,,,,,
67,bpswmm_914,validation,Train,9,660,540,60,660,56.70000000000001,56.69999995827675,32.0,6.299999995364083,6.299999995364083,540,540,540,61,61,0.11131725417439703,0,0,4.5,51.66666662494342,32.0,mm/h,mm,large,high_peak,10.0,600.0,0.9182050166697394,3.46500454643508,0.6732500662573118,2.7541502755591516,0.8803115457630439,4.470618768049482,0.9881860631267383,0.9891198855800174,0.9872540022432956,0.9931710914454277,19364.0,47973.0,213.0,250.0,0.2190650139747558,4.319960571229158,4.160375067602079,0.02932396539751433,3.894846285256771
68,bpswmm_915,train,Train,9,660,540,60,660,28.5,28.500000409781933,16.0,3.1666667121979923,3.1666667121979923,540,540,540,301,301,0.5565862708719852,0,0,9.700000397861004,18.533333345254263,16.0,mm/h,mm,medium,high_peak,,,,,,,,,,,,,,,,,,,,,
69,bpswmm_101,train,Train,10,720,600,60,720,29.8,29.800000868737698,8.600000381469727,2.98000008687377,2.98000008687377,600,600,600,301,301,0.5008347245409015,0,0,9.30000015348196,20.356667375564577,8.600000381469727,mm/h,mm,medium,medium_peak,,,,,,,,,,,,,,,,,,,,,
70,bpswmm_103,train,Train,10,720,600,60,720,27.90000000000001,27.899999409914017,7.699999809265137,2.7899999409914016,2.7899999409914016,600,600,600,61,61,0.1001669449081803,0,0,2.0999999046325684,25.67166617512703,7.699999809265137,mm/h,mm,medium,medium_peak,,,,,,,,,,,,,,,,,,,,,
71,bpswmm_104,train,Train,10,720,600,60,720,6.6,6.599999934434891,2.0999999046325684,0.659999993443489,0.659999993443489,600,600,600,301,301,0.5008347245409015,0,0,2.500000037252903,4.064999898771445,2.0999999046325684,mm/h,mm,small,low_peak,,,,,,,,,,,,,,,,,,,,,
72,bpswmm_105,train,Train,10,720,600,60,720,10.8,10.7999999076128,5.199999809265137,1.07999999076128,1.07999999076128,600,600,600,121,121,0.2003338898163606,0,0,2.200000047683716,8.513333196441332,5.199999809265137,mm/h,mm,small,low_peak,,,,,,,,,,,,,,,,,,,,,
73,bpswmm_106,train,Train,10,720,600,60,720,35.3,35.30000064522028,7.400000095367432,3.530000064522028,3.530000064522028,600,600,600,241,241,0.4006677796327212,0,0,9.000000238418579,26.17666707187891,7.400000095367432,mm/h,mm,medium,medium_peak,,,,,,,,,,,,,,,,,,,,,
74,bpswmm_107,validation,Train,10,720,600,60,720,31.10000000000001,31.09999980032444,14.300000190734863,3.109999980032444,3.109999980032444,600,600,600,181,181,0.3005008347245409,0,0,11.299999594688416,19.561666869123776,14.300000190734863,mm/h,mm,medium,high_peak,11.0,660.0,0.5378564208700668,1.575042312934584,0.40147660568911475,1.2486798177507799,0.38093970112840236,1.495703809917803,0.9897100642021636,0.9897971150463234,0.9896230286685818,0.9952936444086886,16880.0,57349.0,174.0,177.0,0.18278101131566044,1.8787333601422789,1.969575316151657,0.024324765444588593,1.7657323920408516
75,bpswmm_108,train,Train,10,720,600,60,720,10.3,10.30000001937151,2.700000047683716,1.030000001937151,1.030000001937151,600,600,600,361,361,0.6010016694490818,0,0,4.000000007450581,6.2550000111262,2.700000047683716,mm/h,mm,small,low_peak,,,,,,,,,,,,,,,,,,,,,
76,bpswmm_1010,train,Train,10,720,600,60,720,39.4,39.40000069141388,11.800000190734863,3.940000069141388,3.940000069141388,600,600,600,121,121,0.2003338898163606,0,0,12.40000033378601,26.80333368778229,11.800000190734863,mm/h,mm,medium,medium_peak,,,,,,,,,,,,,,,,,,,,,
77,bpswmm_1011,validation,Train,10,720,600,60,720,125.5,125.49999771267176,59.29999923706055,12.549999771267176,12.549999771267176,600,600,600,181,181,0.3005008347245409,0,0,47.69999837875366,76.81166601330042,59.29999923706055,mm/h,mm,large,high_peak,11.0,660.0,2.742459462988395,11.951397990176675,1.898724382706271,8.635327381942135,3.426914248437081,15.915294422842711,0.9686282952032409,0.9677381511027686,0.9695200783545543,0.9785063019576294,24747.0,48230.0,825.0,778.0,0.32486283893410123,13.635484602964047,15.571633361244004,0.03909994264689101,12.21213450552868
78,bpswmm_1012,train,Train,10,720,600,60,720,45.2,45.199999906122684,8.0,4.519999990612268,4.519999990612268,600,600,600,181,181,0.3005008347245409,0,0,4.300000049173832,40.76666652361552,8.0,mm/h,mm,large,medium_peak,,,,,,,,,,,,,,,,,,,,,
79,bpswmm_1013,train,Train,10,720,600,60,720,37.900000000000006,37.8999994546175,15.199999809265137,3.78999994546175,3.78999994546175,600,600,600,1,1,0.0,0,0,0.0,37.64666612446308,15.199999809265137,mm/h,mm,medium,high_peak,,,,,,,,,,,,,,,,,,,,,
80,bpswmm_1014,train,Train,10,720,600,60,720,77.2,77.19999805092812,36.599998474121094,7.719999805092812,7.719999805092812,600,600,600,121,121,0.2003338898163606,0,0,18.399999618530273,58.189998457829155,36.599998474121094,mm/h,mm,large,high_peak,,,,,,,,,,,,,,,,,,,,,
81,bpswmm_1016,train,Train,10,720,600,60,720,106.1,106.10000269860029,35.70000076293945,10.610000269860029,10.610000269860029,600,600,600,241,241,0.4006677796327212,0,0,42.10000155121088,63.40500113467375,35.70000076293945,mm/h,mm,large,high_peak,,,,,,,,,,,,,,,,,,,,,
82,bpswmm_1017,train,Train,10,720,600,60,720,38.2,38.199999541044235,18.399999618530273,3.8199999541044236,3.8199999541044236,600,600,600,181,181,0.3005008347245409,0,0,16.199999928474426,21.69333295226097,18.399999618530273,mm/h,mm,medium,high_peak,,,,,,,,,,,,,,,,,,,,,
83,bpswmm_111,train,Train,11,780,660,60,780,24.9,24.900000616908073,10.600000381469727,2.2636364197189156,2.2636364197189156,660,660,660,181,181,0.2731411229135053,0,0,5.800000198185444,18.923333745698134,10.600000381469727,mm/h,mm,small,medium_peak,,,,,,,,,,,,,,,,,,,,,
84,bpswmm_112,train,Train,11,780,660,60,780,30.700000000000006,30.699999526143074,10.399999618530273,2.7909090478311884,2.7909090478311884,660,660,660,121,121,0.18209408194233687,0,0,5.799999952316284,24.726666246851284,10.399999618530273,mm/h,mm,medium,medium_peak,,,,,,,,,,,,,,,,,,,,,
85,bpswmm_113,train,Train,11,780,660,60,780,139.0,138.9999998807907,31.899999618530273,12.636363625526428,12.636363625526428,660,660,660,121,121,0.18209408194233687,0,0,3.200000047683716,135.26833317279815,31.899999618530273,mm/h,mm,large,high_peak,,,,,,,,,,,,,,,,,,,,,
86,bpswmm_114,train,Train,11,780,660,60,780,49.9,49.89999923110008,16.399999618530273,4.536363566463644,4.536363566463644,660,660,660,241,241,0.36418816388467373,0,0,2.6999999582767487,46.92666594584783,16.399999618530273,mm/h,mm,large,high_peak,,,,,,,,,,,,,,,,,,,,,
87,bpswmm_116,train,Train,11,780,660,60,780,37.2,37.20000010728836,9.0,3.381818191571669,3.381818191571669,660,660,660,361,361,0.5462822458270106,0,0,11.79999977350235,25.250000333786012,9.0,mm/h,mm,medium,medium_peak,,,,,,,,,,,,,,,,,,,,,
88,bpswmm_117,train,Train,11,780,660,60,780,46.7,46.699999906122684,7.5,4.245454536920244,4.245454536920244,660,660,660,481,481,0.7283763277693475,0,0,29.699999906122684,16.875,7.5,mm/h,mm,large,medium_peak,,,,,,,,,,,,,,,,,,,,,
89,bpswmm_119,train,Train,11,780,660,60,780,24.9,24.90000033378601,9.800000190734863,2.2636363939805464,2.2636363939805464,660,660,660,1,1,0.0,0,0,0.0,24.736666997273762,9.800000190734863,mm/h,mm,small,medium_peak,,,,,,,,,,,,,,,,,,,,,
90,bpswmm_1110,train,Train,11,780,660,60,780,47.3,47.29999963194132,17.5,4.29999996654012,4.29999996654012,660,660,660,1,1,0.0,0,0,0.0,47.008332965274654,17.5,mm/h,mm,large,high_peak,,,,,,,,,,,,,,,,,,,,,
91,bpswmm_1111,train,Train,11,780,660,60,780,34.2,34.199999675154686,20.899999618530273,3.109090879559517,3.109090879559517,660,660,660,181,181,0.2731411229135053,0,0,4.099999912083149,29.75166643609603,20.899999618530273,mm/h,mm,medium,high_peak,,,,,,,,,,,,,,,,,,,,,
92,bpswmm_131,train,Train,13,900,780,60,900,57.7,57.70000074803829,12.300000190734863,4.438461596002946,4.438461596002946,780,780,780,241,241,0.3080872913992298,0,0,10.00000000745058,47.495000737408795,12.300000190734863,mm/h,mm,large,medium_peak,,,,,,,,,,,,,,,,,,,,,
93,bpswmm_132,train,Train,13,900,780,60,900,15.4,15.400000110268593,2.9000000953674316,1.184615393097584,1.184615393097584,780,780,780,421,421,0.5391527599486521,0,0,7.200000002980232,8.15166677236557,2.9000000953674316,mm/h,mm,small,low_peak,,,,,,,,,,,,,,,,,,,,,
94,bpswmm_134,train,Train,13,900,780,60,900,32.9,32.89999985694885,6.599999904632568,2.5307692197652965,2.5307692197652965,780,780,780,241,241,0.3080872913992298,0,0,4.5000001192092896,28.28999973932902,6.599999904632568,mm/h,mm,medium,low_peak,,,,,,,,,,,,,,,,,,,,,
95,bpswmm_135,train,Train,13,900,780,60,900,109.5,109.49999688565731,34.599998474121094,8.4230766835121,8.4230766835121,780,780,780,481,481,0.6161745827984596,0,0,67.59999850392342,41.323331740498546,34.599998474121094,mm/h,mm,large,high_peak,,,,,,,,,,,,,,,,,,,,,
96,bpswmm_136,train,Train,13,900,780,60,900,23.700000000000003,23.700000263750553,15.300000190734863,1.8230769433654272,1.8230769433654272,780,780,780,181,181,0.23106546854942234,0,0,1.800000011920929,21.64500024865071,15.300000190734863,mm/h,mm,small,high_peak,,,,,,,,,,,,,,,,,,,,,
97,bpswmm_138,validation,Train,13,900,780,60,900,106.0,106.00000187009573,54.20000076293945,8.15384629769967,8.15384629769967,780,780,780,301,301,0.3851091142490372,0,0,47.000001050531864,58.09666747351488,54.20000076293945,mm/h,mm,large,high_peak,14.0,840.0,1.8129751594201586,8.757836705244186,1.2714787834386572,6.39605285140731,1.9952804006005056,10.832676334305244,0.9779905027511872,0.9765184014450214,0.9794670491432023,0.9876949009692373,25950.0,67802.0,624.0,544.0,0.2763514027359239,10.135142288245397,11.282802487254342,0.03522655145257043,9.045316094314446
98,bpswmm_139,train,Train,13,900,780,60,900,14.099999999999996,14.099999889731407,4.699999809265137,1.0846153761331851,1.0846153761331851,780,780,780,241,241,0.3080872913992298,0,0,2.7999999672174454,11.221666592359544,4.699999809265137,mm/h,mm,small,low_peak,,,,,,,,,,,,,,,,,,,,,
99,bpswmm_1310,validation,Train,13,900,780,60,900,29.4,29.40000009536743,10.399999618530273,2.261538468874418,2.261538468874418,780,780,780,661,661,0.8472400513478819,0,0,18.600000470876694,10.626666297515234,10.399999618530273,mm/h,mm,medium,medium_peak,14.0,840.0,0.4991215507206178,1.402147736235125,0.3656317463704605,1.0559064813972252,0.3071820142949326,1.4052700763563686,0.9832664998341725,0.98371138996139,0.9828220119341812,0.9941529709228825,16306.0,78059.0,270.0,285.0,0.1914965135269181,1.6704681451547556,1.7524040869668505,0.023988947782647197,1.4930845673630209
100,bpswmm_1311,train,Train,13,900,780,60,900,48.8,48.80000079423189,11.199999809265137,3.7538462149409146,3.7538462149409146,780,780,780,181,181,0.23106546854942234,0,0,4.800000198185444,43.81333393255869,11.199999809265137,mm/h,mm,large,medium_peak,,,,,,,,,,,,,,,,,,,,,
101,bpswmm_1312,train,Train,13,900,780,60,900,30.2,30.199999786913395,4.699999809265137,2.3230769066856456,2.3230769066856456,780,780,780,661,661,0.8472400513478819,0,0,24.999999977648258,5.121666479110718,4.699999809265137,mm/h,mm,medium,low_peak,,,,,,,,,,,,,,,,,,,,,
102,bpswmm_161,validation,Train,16,1080,960,60,1080,173.2,173.19999972730875,32.099998474121094,10.824999982956797,10.824999982956797,960,960,960,121,121,0.1251303441084463,0,0,31.299999237060547,141.36500051567953,32.099998474121094,mm/h,mm,large,high_peak,17.0,1020.0,1.2450198855144414,3.6299959423156514,0.914210060266941,2.8016357628995228,1.2515804726982747,4.361842060428915,0.9909006803995737,0.9923998967887219,0.9894059869036482,0.9932587194169703,42307.0,72176.0,324.0,453.0,0.2143294075771212,4.48107635456438,4.405068584403189,0.026404525763208158,3.9620233084794445
103,bpswmm_162,train,Train,16,1080,960,60,1080,31.1,31.100000247359276,5.199999809265137,1.9437500154599547,1.9437500154599547,960,960,960,601,601,0.6256517205422315,0,0,9.40000019967556,21.613333384195965,5.199999809265137,mm/h,mm,medium,low_peak,,,,,,,,,,,,,,,,,,,,,
104,bpswmm_163,train,Train,16,1080,960,60,1080,39.30000000000001,39.29999954998493,7.599999904632568,2.4562499718740582,2.4562499718740582,960,960,960,1,1,0.0,0,0,0.0,39.17333288490772,7.599999904632568,mm/h,mm,medium,medium_peak,,,,,,,,,,,,,,,,,,,,,
105,bpswmm_165,train,Train,16,1080,960,60,1080,56.8,56.79999966919422,24.899999618530273,3.549999979324639,3.549999979324639,960,960,960,541,541,0.5630865484880083,0,0,26.7000000923872,29.68499958316485,24.899999618530273,mm/h,mm,large,high_peak,,,,,,,,,,,,,,,,,,,,,
106,bpswmm_166,train,Train,16,1080,960,60,1080,52.99999999999999,52.99999966472387,11.699999809265137,3.312499979045242,3.312499979045242,960,960,960,361,361,0.3753910323253389,0,0,9.6000000461936,43.204999621709185,11.699999809265137,mm/h,mm,large,medium_peak,,,,,,,,,,,,,,,,,,,,,
107,bpswmm_167,train,Train,16,1080,960,60,1080,109.0,108.99999961256981,20.600000381469727,6.812499975785613,6.812499975785613,960,960,960,241,241,0.2502606882168926,0,0,18.29999966919422,90.35666660368443,20.600000381469727,mm/h,mm,large,high_peak,,,,,,,,,,,,,,,,,,,,,
108,bpswmm_168,train,Train,16,1080,960,60,1080,32.7,32.70000021159649,7.5,2.0437500132247806,2.0437500132247806,960,960,960,721,721,0.7507820646506778,0,0,16.000000067055225,16.575000144541264,7.5,mm/h,mm,medium,medium_peak,,,,,,,,,,,,,,,,,,,,,
109,bpswmm_169,train,Train,16,1080,960,60,1080,25.700000000000003,25.700000062584877,6.699999809265137,1.6062500039115548,1.6062500039115548,960,960,960,1,1,0.0,0,0,0.0,25.588333399097124,6.699999809265137,mm/h,mm,small,low_peak,,,,,,,,,,,,,,,,,,,,,
110,bpswmm_1610,validation,Train,16,1080,960,60,1080,50.6,50.599999845027924,14.800000190734863,3.1624999903142452,3.1624999903142452,960,960,960,241,241,0.2502606882168926,0,0,5.799999892711639,44.5533332824707,14.800000190734863,mm/h,mm,large,high_peak,17.0,1020.0,0.5557270574076013,1.4634186767839024,0.40667704967766566,1.1389739458999442,0.40189115890669735,1.5850782661412062,0.9887058910515906,0.99475543983634,0.9827294774748291,0.994698941523512,26744.0,87905.0,141.0,470.0,0.16358190765124975,1.7603380080448838,1.8163792906773604,0.021784064030940953,1.6106050892233248
111,bpswmm_1611,train,Train,16,1080,960,60,1080,75.69999999999999,75.70000003278255,24.899999618530273,4.73125000204891,4.73125000204891,960,960,960,481,481,0.5005213764337852,0,0,25.80000026524067,49.484999773899716,24.899999618530273,mm/h,mm,large,high_peak,,,,,,,,,,,,,,,,,,,,,
112,bpswmm_241,validation,Train,24,1560,1440,60,1560,40.80000000000002,40.799999587237835,5.800000190734863,1.6999999828015764,1.854545435783538,1440,1320,1320,181,181,0.1250868658790827,0,0,7.4999998807907104,33.20333303660154,5.800000190734863,mm/h,mm,medium,low_peak,25.0,1500.0,0.4287097723706751,1.0725973489510972,0.31257575278245764,0.7898069050041677,0.28339028795630533,1.0473806386314983,0.9894450959817295,0.9902886231096175,0.9886030046624071,0.9949557522123894,40075.0,128570.0,393.0,462.0,0.14611128680406324,1.2738750565978152,1.3443545108999853,0.019482828141241075,1.116785706298278
113,bpswmm_242,validation,Train,24,1560,1440,60,1560,40.3,40.30000030249357,5.800000190734863,1.6791666792705655,1.6791666792705655,1440,1440,1440,241,241,0.16678248783877692,0,0,13.299999833106995,26.903333799540995,5.800000190734863,mm/h,mm,medium,low_peak,25.0,1500.0,0.40942096781472775,0.9831637290111798,0.2977604681311066,0.7322836565403753,0.2720550792772861,0.9480273177915728,0.9924321633059497,0.9944621831969667,0.9904104143893471,0.9964129793510325,39866.0,129026.0,222.0,386.0,0.15997056752240335,1.1676284248494109,1.2291810416451066,0.01880562049541882,1.0354347183236936
114,bpswmm_243,train,Train,24,1560,1440,60,1560,60.8,60.79999989271164,8.199999809265137,2.533333328862985,2.533333328862985,1440,1440,1440,241,241,0.16678248783877692,0,0,16.600000143051147,44.06333308617274,8.199999809265137,mm/h,mm,large,medium_peak,,,,,,,,,,,,,,,,,,,,,
115,bpswmm_244,train,Train,24,1560,1440,60,1560,41.6,41.60000014305115,5.300000190734863,1.7333333392937977,1.7333333392937977,1440,1440,1440,1201,1201,0.8339124391938847,0,0,31.19999986886978,10.311666937669118,5.300000190734863,mm/h,mm,medium,low_peak,,,,,,,,,,,,,,,,,,,,,
116,bpswmm_245,train,Train,24,1560,1440,60,1560,140.8,140.800000987947,32.400001525878906,5.866666707831125,5.866666707831125,1440,1440,1440,481,481,0.33356497567755383,0,0,26.40000031143427,113.8600006510814,32.400001525878906,mm/h,mm,large,high_peak,,,,,,,,,,,,,,,,,,,,,
117,bpswmm_247,train,Train,24,1560,1440,60,1560,45.79999999999999,45.79999974370003,6.199999809265137,1.9083333226541679,1.9083333226541679,1440,1440,1440,181,181,0.1250868658790827,0,0,4.699999958276749,40.99666645526886,6.199999809265137,mm/h,mm,large,low_peak,,,,,,,,,,,,,,,,,,,,,
118,bpswmm_248,train,Train,24,1560,1440,60,1560,88.29999999999998,88.3000009432435,17.5,3.679166705968479,3.679166705968479,1440,1440,1440,1321,1321,0.9173036831132731,0,0,61.70000056177378,26.30833371480306,17.5,mm/h,mm,large,high_peak,,,,,,,,,,,,,,,,,,,,,
119,bpswmm_249,train,Train,24,1560,1440,60,1560,91.9,91.89999961107969,11.199999809265137,3.8291666504616537,3.8291666504616537,1440,1440,1440,781,781,0.542043085476025,0,0,18.09999953955412,73.61333340803782,11.199999809265137,mm/h,mm,large,medium_peak,,,,,,,,,,,,,,,,,,,,,
120,bpswmm_2410,train,Train,24,1560,1440,60,1560,36.20000000000001,36.199999779462814,4.0,1.508333324144284,1.508333324144284,1440,1440,1440,61,61,0.04169562195969423,0,0,3.0999999046325684,33.033333208163576,4.0,mm/h,mm,medium,low_peak,,,,,,,,,,,,,,,,,,,,,
121,bpswmm_2412,train,Train,24,1560,1440,60,1560,42.6,42.5999997779727,11.899999618530273,1.7749999907488625,1.7749999907488625,1440,1440,1440,61,61,0.04169562195969423,0,0,7.099999904632568,35.30166654636462,11.899999618530273,mm/h,mm,large,medium_peak,,,,,,,,,,,,,,,,,,,,,
122,bpswmm_2413,train,Train,24,1560,1440,60,1560,35.00000000000001,35.000000044703484,4.900000095367432,1.4583333351959784,1.4583333351959784,1440,1440,1440,1261,1261,0.8756080611535789,0,0,27.000000044703484,7.918333331743876,4.900000095367432,mm/h,mm,medium,low_peak,,,,,,,,,,,,,,,,,,,,,
123,test_bpswmm_68,train,Test,6,480,360,60,480,2.6000000000000005,2.6000000536441803,1.100000023841858,0.43333334227403003,0.43333334227403003,360,360,360,61,61,0.1671309192200557,0,0,0.20000000298023224,2.3816667169332506,1.100000023841858,mm/h,mm,small,low_peak,,,,,,,,,,,,,,,,,,,,,
124,test_bpswmm_612,train,Test,6,480,360,60,480,51.99999999999999,51.99999952316284,16.899999618530273,8.666666587193808,8.666666587193808,360,360,360,61,61,0.1671309192200557,0,0,4.0,47.718332862854005,16.899999618530273,mm/h,mm,large,high_peak,,,,,,,,,,,,,,,,,,,,,
125,test_bpswmm_617,train,Test,6,480,360,60,480,42.2,42.20000000298023,11.800000190734863,7.033333333830039,7.033333333830039,360,360,360,241,241,0.6685236768802229,0,0,21.200000002980232,20.80333333015442,11.800000190734863,mm/h,mm,large,medium_peak,,,,,,,,,,,,,,,,,,,,,
126,test_bpswmm_71,train,Test,7,540,420,60,540,40.2,40.200000286102295,11.199999809265137,5.7428571837288995,5.7428571837288995,420,420,420,61,61,0.1431980906921241,0,0,3.0999999046325684,36.91333371798197,11.199999809265137,mm/h,mm,medium,medium_peak,,,,,,,,,,,,,,,,,,,,,
127,test_bpswmm_77,train,Test,7,540,420,60,540,37.9,37.900000154972076,13.600000381469727,5.414285736424582,5.414285736424582,420,420,420,181,181,0.4295942720763723,0,0,20.09999966621399,17.57333381573359,13.600000381469727,mm/h,mm,medium,medium_peak,,,,,,,,,,,,,,,,,,,,,
128,test_bpswmm_719,train,Test,7,540,420,60,540,13.9,13.899999991059303,3.9000000953674316,1.9857142844370432,1.9857142844370432,420,420,420,241,241,0.5727923627684964,0,0,8.99999988079071,4.835000108679136,3.9000000953674316,mm/h,mm,small,low_peak,,,,,,,,,,,,,,,,,,,,,
129,test_bpswmm_725,train,Test,7,540,420,60,540,28.6,28.59999969601631,12.5,4.085714242288044,4.085714242288044,420,420,420,181,181,0.4295942720763723,0,0,12.399999618530273,15.991666744152704,12.5,mm/h,mm,medium,medium_peak,,,,,,,,,,,,,,,,,,,,,
130,test_bpswmm_82,train,Test,8,600,480,60,600,27.200000000000003,27.19999998807907,7.800000190734863,3.399999998509884,3.399999998509884,480,480,480,181,181,0.3757828810020877,0,0,13.499999761581421,13.570000223318736,7.800000190734863,mm/h,mm,medium,medium_peak,,,,,,,,,,,,,,,,,,,,,
131,test_bpswmm_89,train,Test,8,600,480,60,600,77.6,77.60000053793192,33.5,9.70000006724149,9.70000006724149,480,480,480,121,121,0.25052192066805845,0,0,21.90000057220459,55.14166663239399,33.5,mm/h,mm,large,high_peak,,,,,,,,,,,,,,,,,,,,,
132,test_bpswmm_815,train,Test,8,600,480,60,600,17.299999999999997,17.299999952316284,4.099999904632568,2.1624999940395355,2.1624999940395355,480,480,480,181,181,0.3757828810020877,0,0,6.8000001311302185,10.43166648944219,4.099999904632568,mm/h,mm,small,low_peak,,,,,,,,,,,,,,,,,,,,,
133,test_bpswmm_821,validation,Test,8,600,480,60,600,54.10000000000001,54.10000064969063,14.5,6.7625000812113285,6.7625000812113285,480,480,480,361,361,0.7515657620041754,0,0,36.60000064969063,17.258333333333333,14.5,mm/h,mm,large,high_peak,9.0,540.0,0.9299433722048526,2.42486533374239,0.6963229814895574,1.929549844522101,0.7417800548232137,2.8566860698936756,0.9923916248894132,0.995209084994381,0.9895900723401753,0.995771878072763,16826.0,43936.0,81.0,177.0,0.17133260605998743,2.920809299055155,3.013209889305822,0.026246301866665205,2.7286693344245383
134,test_bpswmm_97,validation,Test,9,660,540,60,660,32.0,32.00000096857548,16.700000762939453,3.555555663175053,3.555555663175053,540,540,540,181,181,0.3339517625231911,0,0,4.30000002682209,27.421667595704395,16.700000762939453,mm/h,mm,medium,high_peak,10.0,600.0,0.6074635481482762,1.801646413475112,0.45146911815225926,1.4528723914852535,0.4426745425424041,1.90354599387011,0.9914518453957293,0.9933499025995836,0.9895610278372591,0.9962389380530974,14788.0,52757.0,99.0,156.0,0.19055866825293838,2.1627196442226073,2.2414550033428084,0.025209132846803133,2.054517186956895
135,test_bpswmm_912,train,Test,9,660,540,60,660,20.6,20.60000003129244,7.699999809265137,2.2888888923658266,2.2888888923658266,540,540,540,1,1,0.0,0,0,0.0,20.47166670113802,7.699999809265137,mm/h,mm,small,medium_peak,,,,,,,,,,,,,,,,,,,,,
136,test_bpswmm_916,validation,Test,9,660,540,60,660,40.400000000000006,40.40000003576279,14.0,4.488888892862532,4.488888892862532,540,540,540,61,61,0.11131725417439703,0,0,4.599999904632568,35.566666797796884,14.0,mm/h,mm,medium,high_peak,10.0,600.0,0.6966721496281957,1.8354814852140586,0.5130025373463716,1.4433318517010776,0.513616694897677,2.0173510715865812,0.993697420662465,0.9947745844682861,0.992622587086754,0.9966519174041298,17895.0,49678.0,94.0,133.0,0.16806954747249908,2.2034861867625817,2.2854710892176486,0.021990581436548605,2.0410610188325595
137,test_bpswmm_102,train,Test,10,720,600,60,720,26.7,26.699999645352364,5.199999809265137,2.6699999645352364,2.6699999645352364,600,600,600,361,361,0.6010016694490818,0,0,14.799999833106995,11.813333148757616,5.199999809265137,mm/h,mm,medium,low_peak,,,,,,,,,,,,,,,,,,,,,
138,test_bpswmm_109,validation,Test,10,720,600,60,720,59.8,59.80000105500221,17.200000762939453,5.980000105500221,5.980000105500221,600,600,600,541,541,0.9015025041736227,0,0,42.60000029206276,16.913334083557128,17.200000762939453,mm/h,mm,large,high_peak,11.0,660.0,0.9450220076831297,2.5263283687232003,0.6995460522607772,1.9838980371741137,0.7515758822321668,2.8925889088036465,0.9927693244065734,0.994779469164715,0.9907672870401866,0.9960176991150442,20389.0,53894.0,107.0,190.0,0.1769004328428571,3.04035428694279,3.1419670791679994,0.027317756810108593,2.8055225153203573
139,test_bpswmm_1015,train,Test,10,720,600,60,720,11.9,11.899999909102917,4.699999809265137,1.1899999909102916,1.1899999909102916,600,600,600,61,61,0.1001669449081803,0,0,1.5,10.321666578948498,4.699999809265137,mm/h,mm,small,low_peak,,,,,,,,,,,,,,,,,,,,,
140,test_bpswmm_115,train,Test,11,780,660,60,780,46.70000000000001,46.700000166893005,8.800000190734863,4.245454560626637,4.245454560626637,660,660,660,421,421,0.637329286798179,0,0,32.09999990463257,14.453333592414856,8.800000190734863,mm/h,mm,large,medium_peak,,,,,,,,,,,,,,,,,,,,,
141,test_bpswmm_118,heldout_test,Test,11,780,660,60,780,54.4,54.400000154972076,12.800000190734863,4.945454559542916,4.945454559542916,660,660,660,241,241,0.36418816388467373,0,0,7.099999964237213,47.086666854222614,12.800000190734863,mm/h,mm,large,medium_peak,12.0,720.0,0.7150521742559113,1.8195661527041997,0.5282903807157172,1.418600290149223,0.5275381862824177,1.8467879181304512,0.991589043159507,0.9955633980337787,0.9876462938881665,0.9958824975417896,19747.0,61278.0,88.0,247.0,0.15654770718246197,2.1864926699828295,2.2643333614305914,0.025128079991267885,2.006046396776224
142,test_bpswmm_133,heldout_test,Test,13,900,780,60,900,80.7,80.70000091195107,24.0,6.20769237784239,6.20769237784239,780,780,780,241,241,0.3080872913992298,0,0,34.40000057220459,45.90000033974648,24.0,mm/h,mm,large,high_peak,14.0,840.0,0.8642853927773059,2.6633238956414553,0.6397471767302124,2.1401096749764656,0.7802978001211547,3.197006978691153,0.992385611907387,0.9927618653706959,0.9920096435336663,0.9953434471133586,28803.0,65675.0,210.0,232.0,0.2051235271027895,3.258065245482122,3.2592664380339884,0.026996715166547263,3.0264517209474797
143,test_bpswmm_137,validation,Test,13,900,780,60,900,34.4,34.400000125169754,10.699999809265137,2.6461538557822886,2.6461538557822886,780,780,780,121,121,0.1540436456996149,0,0,7.6000001430511475,26.621666651964187,10.699999809265137,mm/h,mm,medium,medium_peak,14.0,840.0,0.5662805509292639,1.4945852688793126,0.40851686256489117,1.1326016199308735,0.38152594166469134,1.4345561223504637,0.9908714049444767,0.9949102829537612,0.9868651863261028,0.9955225453013063,23066.0,71429.0,118.0,307.0,0.1605903986417221,1.7914668621256113,1.8617767276510497,0.021780083246577733,1.6015924846582696
144,test_bpswmm_164,train,Test,16,1080,960,60,1080,26.9,26.899999983608723,6.599999904632568,1.6812499989755452,1.6812499989755452,960,960,960,421,421,0.43795620437956206,0,0,8.39999994635582,18.39000003884236,6.599999904632568,mm/h,mm,medium,low_peak,,,,,,,,,,,,,,,,,,,,,
145,test_bpswmm_1612,heldout_test,Test,16,1080,960,60,1080,51.9,51.89999944716692,9.899999618530273,3.2437499654479325,3.2437499654479325,960,960,960,181,181,0.18769551616266944,0,0,10.199999906122684,41.534999547402066,9.899999618530273,mm/h,mm,large,medium_peak,17.0,1020.0,0.5346736697244895,1.373800025308085,0.3898683109463305,1.0533515435887193,0.3849976210798548,1.412108347167143,0.9917826776706298,0.9931457946594316,0.990423297376197,0.9960003470414714,27820.0,86979.0,192.0,269.0,0.16469324306039426,1.6631738593424443,1.6937261815003315,0.01921725654692279,1.489540078618996
146,test_bpswmm_246,train,Test,24,1560,1440,60,1560,53.5,53.500000059604645,4.599999904632568,2.2291666691501937,2.2291666691501937,1440,1440,1440,1141,1141,0.7922168172341905,0,0,40.90000003576279,12.52333335876465,4.599999904632568,mm/h,mm,large,low_peak,,,,,,,,,,,,,,,,,,,,,
147,test_bpswmm_2411,train,Test,24,1560,1440,60,1560,156.0,155.99999876320362,23.5,6.499999948466818,6.499999948466818,1440,1440,1440,961,961,0.6671299513551077,0,0,119.9999988079071,35.60833328862985,23.5,mm/h,mm,large,high_peak,,,,,,,,,,,,,,,,,,,,,
