updates,event_id,event_name,duration_hours,steps,window_count,prediction_steps,node_mae,node_rmse,node_r2,pipe_mae,pipe_rmse,pipe_r2,flood_volume_mae,flood_volume_rmse,flood_volume_r2,flood_accuracy,flood_precision,flood_recall,flood_f1,flood_balanced_accuracy
2000,141,test_bpswmm_118,11,780,12,720,2.040523810872716,4.7741143989467645,0.9722457230944089,1.4285682361140102,3.417705549681514,0.9665397804760361,1.5254544328447641,4.807486630026748,0.9877462649624742,0.9894911504424779,0.9835278662018089,0.9735420626187856,0.9785094885006913,0.9841148373257537
2000,142,test_bpswmm_133,13,900,14,840,2.205401685918076,5.762704541375073,0.9738655752756967,1.5864494958820017,4.35011358024846,0.9643962689429165,1.991540162110198,7.676072412314659,0.9839880865839224,0.9914559629161399,0.9855491329479769,0.9865334940588945,0.9860410678324929,0.9900793750934982
2000,145,test_bpswmm_1612,16,1080,17,1020,1.6847929610822137,3.991279470202979,0.9675465945889555,1.1763141510461979,2.7666004741271104,0.9635269991667361,1.2621613380211045,4.225556022289845,0.9819143320667765,0.9940569148013187,0.9859554546744219,0.9897112748762861,0.9878297947943502,0.9925842398403181
5000,141,test_bpswmm_118,11,780,12,720,0.915831919382221,2.357102686414194,0.9932344784830273,0.6810812852259305,1.8878458145180013,0.9897907804960032,0.6173942153315511,2.40860882560299,0.9969241520578137,0.9940757128810226,0.9925282714054927,0.983294988496549,0.9878900557760916,0.9904416147710395
5000,142,test_bpswmm_133,13,900,14,840,1.0667138113736403,3.0933261223353425,0.9924697107934954,0.7842392716568974,2.562395904368286,0.9876465920926313,1.0020522010311315,7.421695957873258,0.9850317363374262,0.9928887484197219,0.9893367382151977,0.9873945238505252,0.9883646768827676,0.9913522668581001
5000,145,test_bpswmm_1612,16,1080,17,1020,0.6787133726929424,1.6267215698959308,0.9946090854343561,0.5014259523089962,1.2638655540383734,0.9923883228808253,0.44098994427002,1.5674165541767706,0.9975115112416518,0.9957660940482388,0.9931744273308795,0.9894264658763217,0.9912969039805962,0.9936176851068867
10000,141,test_bpswmm_118,11,780,12,720,0.7150521742559113,1.8195661527041997,0.9959683764532447,0.5282903807157172,1.418600290149223,0.9942352618219052,0.5275381862824177,1.8467879181304512,0.9981917171453963,0.9958824975417896,0.9955633980337787,0.9876462938881665,0.991589043159507,0.9931061375251868
10000,142,test_bpswmm_133,13,900,14,840,0.8642853927773059,2.6633238956414553,0.9944177637965419,0.6397471767302124,2.1401096749764656,0.9913827958937812,0.7802978001211547,3.197006978691153,0.9972225114608639,0.9953434471133586,0.9927618653706959,0.9920096435336663,0.992385611907387,0.9944111357988586
10000,145,test_bpswmm_1612,16,1080,17,1020,0.5346736697244895,1.373800025308085,0.9961551177974193,0.3898683109463305,1.0533515435887193,0.9947128056529145,0.3849976210798548,1.412108347167143,0.9979802255917422,0.9960003470414714,0.9931457946594316,0.990423297376197,0.9917826776706298,0.9941103650043046
