split,rainfall_group,metric,worst_event_id,worst_event_name,worst_value,group_mean,group_median,mean_without_worst,worst_to_median_ratio
heldout_test,large,node_rmse,142,test_bpswmm_133,2.6633238956414553,1.9522300245512465,1.8195661527041997,1.5966830890061425,1.4637136944338522
heldout_test,large,pipe_rmse,142,test_bpswmm_133,2.1401096749764656,1.537353836238136,1.418600290149223,1.2359759168689712,1.5086065397261035
heldout_test,large,flood_volume_rmse,142,test_bpswmm_133,3.197006978691153,2.151967747996249,1.8467879181304512,1.629448132648797,1.7311175513469688
validation,large,node_rmse,77,bpswmm_1011,11.951397990176675,4.568192604471005,3.46500454643508,3.8298720659004375,3.4491723834742727
validation,large,pipe_rmse,77,bpswmm_1011,8.635327381942135,3.4793367751141506,2.7541502755591516,2.9637377144313533,3.135387149558852
validation,large,flood_volume_rmse,77,bpswmm_1011,15.915294422842711,5.683896163310611,4.361842060428915,4.660756337357401,3.648755319966286
validation,medium,node_rmse,14,bpswmm_618,2.8364324313509774,1.831108758489394,1.8354814852140586,1.7473317857509285,1.5453342647148443
validation,medium,pipe_rmse,14,bpswmm_618,2.265665985709466,1.4283405106800298,1.4528723914852535,1.3585633877609098,1.559439080119971
validation,medium,flood_volume_rmse,14,bpswmm_618,4.3928334386212535,2.0630092821866666,2.0173510715865812,1.8688572691504513,2.1775255187320632
validation,small,node_rmse,49,bpswmm_816,1.095960728994555,1.0445804107393593,1.0251513419790836,1.0188902516117615,1.06907213024642
validation,small,pipe_rmse,49,bpswmm_816,0.821955417306434,0.7849227218545728,0.7770924758842099,0.7664063741286423,1.0577317923084726
validation,small,flood_volume_rmse,6,bpswmm_67,1.1723286890423295,1.0533815242748645,1.0422565258537184,0.9939079418911319,1.1247986076000513
