event_id,event_name,split,total_rainfall,max_step_intensity,duration_minutes,peak_time_fraction,pre_peak_ratio,post_peak_ratio,effective_rainfall_steps,rainfall_steps
0,bpswmm_61,train,11.499999858438969,6.699999809265137,360.0,0.0,0.0,0.9902898552293625,360,360
1,bpswmm_62,train,8.19999996572733,3.0,360.0,0.6685236768802229,0.5365853624630017,0.45731707653590326,360,360
2,bpswmm_63,train,58.200000286102295,27.200000762939453,360.0,0.1671309192200557,0.04639175316857266,0.9458190141197353,360,360
3,bpswmm_64,train,13.500000305473804,5.400000095367432,360.0,0.1671309192200557,0.18518518099487247,0.8081481523715746,360,360
4,bpswmm_65,train,2.7000000402331352,1.0,360.0,0.6685236768802229,0.5555555610745041,0.43827159951130557,360,360
5,bpswmm_66,train,17.799999713897705,4.599999904632568,360.0,0.6685236768802229,0.6011235944521335,0.39456928946306397,360,360
6,bpswmm_67,validation,7.900000214576721,4.300000190734863,360.0,0.0,0.0,0.9909282698862026,360,360
7,bpswmm_69,train,41.09999977052212,17.399999618530273,360.0,0.0,0.0,0.9929440390447358,360,360
8,bpswmm_610,train,69.19999942928553,24.399999618530273,360.0,0.3342618384401114,0.34104045697156266,0.6530828571373571,360,360
9,bpswmm_611,train,29.90000021457672,15.300000190734863,360.0,0.3342618384401114,0.20735785963844636,0.784113712222794,360,360
10,bpswmm_613,train,46.00000023841858,21.100000381469727,360.0,0.5013927576601671,0.17608695871888577,0.8162681136462925,360,360
11,bpswmm_614,train,26.899999916553497,13.699999809265137,360.0,0.8356545961002786,0.4907063252132374,0.5008054468736498,360,360
12,bpswmm_615,train,14.599999561905861,4.699999809265137,360.0,0.3342618384401114,0.28767124069220246,0.7069634625608849,360,360
13,bpswmm_616,train,40.300000578165054,18.200000762939453,360.0,0.1671309192200557,0.009925558318160136,0.9825475597538694,360,360
14,bpswmm_618,validation,36.30000098049641,23.200000762939453,360.0,0.1671309192200557,0.005509641806557803,0.9838383838425303,360,360
15,bpswmm_72,train,36.599999368190765,12.699999809265137,420.0,0.4295942720763723,0.30327869278282765,0.6909380649455423,420,420
16,bpswmm_73,train,39.39999986439943,15.300000190734863,420.0,0.5727923627684964,0.5710659834926732,0.422461935186095,420,420
17,bpswmm_74,train,17.799999870359898,4.5,420.0,0.4295942720763723,0.3483146040043947,0.6474719128188504,420,420
18,bpswmm_75,train,13.599999941885471,4.699999809265137,420.0,0.4295942720763723,0.47058824431731217,0.5236519519702505,420,420
19,bpswmm_76,validation,34.30000076442957,12.300000190734863,420.0,0.4295942720763723,0.1720116635782559,0.8220116600774244,420,420
20,bpswmm_78,train,21.900000482797623,11.100000381469727,420.0,0.1431980906921241,0.21004565311520668,0.7815068581962362,420,420
21,bpswmm_79,train,8.900000020861626,4.0,420.0,0.1431980906921241,0.022471910394542882,0.9700374529188953,420,420
22,bpswmm_710,validation,39.80000042915344,16.200000762939453,420.0,0.0,0.0,0.9932160801556704,420,420
23,bpswmm_711,train,23.200000002980232,10.800000190734863,420.0,0.4295942720763723,0.14224138141163448,0.8499999977626849,420,420
24,bpswmm_712,train,21.40000032633543,7.900000095367432,420.0,0.1431980906921241,0.32242990608164157,0.6714174459628306,420,420
25,bpswmm_713,train,6.300000011920929,3.299999952316284,420.0,0.7159904534606205,0.20634920785096106,0.784920633561547,420,420
26,bpswmm_714,train,8.499999850988388,3.0999999046325684,420.0,0.0,0.0,0.9939215687078863,420,420
27,bpswmm_715,train,40.799999095499516,18.799999237060547,420.0,0.2863961813842482,0.32598039821484587,0.6663398633644677,420,420
28,bpswmm_716,train,18.80000028014183,6.300000190734863,420.0,0.7159904534606205,0.6170212734252849,0.37739362010586974,420,420
29,bpswmm_717,train,29.100000239908695,14.600000381469727,420.0,0.5727923627684964,0.22336769088835454,0.7682703387444615,420,420
30,bpswmm_718,validation,66.89999909698963,42.29999923706055,420.0,0.1431980906921241,0.05979073324352245,0.9296711502123763,420,420
31,bpswmm_720,train,4.899999864399433,2.5999999046325684,420.0,0.2863961813842482,0.04081632826835704,0.9503401343963236,420,420
32,bpswmm_721,train,3.8000000417232513,0.8999999761581421,420.0,0.1431980906921241,0.15789474138262524,0.838157890344233,420,420
33,bpswmm_722,train,25.400000363588333,7.300000190734863,420.0,0.7159904534606205,0.5314960659439029,0.4637139077527907,420,420
34,bpswmm_723,validation,36.30000028759241,8.100000381469727,420.0,0.5727923627684964,0.674931124129337,0.32134986746051786,420,420
35,bpswmm_724,validation,41.599999107420444,16.299999237060547,420.0,0.2863961813842482,0.1298076930869517,0.8636618583606456,420,420
36,bpswmm_726,validation,56.200000397861004,28.899999618530273,420.0,0.5727923627684964,0.4217081959085297,0.5697212230078593,420,420
37,bpswmm_81,train,62.30000036209822,32.20000076293945,480.0,0.3757828810020877,0.44462278346467804,0.5467629841715479,480,480
38,bpswmm_83,train,28.40000069141388,14.100000381469727,420.0,0.5010438413361169,0.2922535175795689,0.6994718345106908,420,480
39,bpswmm_84,train,28.000000298023224,8.5,480.0,0.3757828810020877,0.14285714506190647,0.8520833311824217,480,480
40,bpswmm_85,train,43.29999928921461,19.299999237060547,480.0,0.25052192066805845,0.053117781648225025,0.9394534271455097,480,480
41,bpswmm_86,validation,42.19999971985817,11.699999809265137,480.0,0.25052192066805845,0.18246445396300026,0.8129146930010855,480,480
42,bpswmm_87,train,26.60000003874302,8.100000381469727,480.0,0.6263048016701461,0.46240600865011844,0.5325188031483327,480,480
43,bpswmm_88,train,18.200000196695328,3.4000000953674316,480.0,0.6263048016701461,0.6868131859404585,0.3100732608923051,480,480
44,bpswmm_810,train,28.999999418854713,11.899999618530273,480.0,0.25052192066805845,0.4724137959933168,0.5207471236290968,480,480
45,bpswmm_811,train,44.19999958574772,13.899999618530273,480.0,0.25052192066805845,0.3642533949213884,0.6305052778731801,480,480
46,bpswmm_812,train,10.600000262260437,6.300000190734863,480.0,0.3757828810020877,0.1415094304611014,0.8485849091067239,480,480
47,bpswmm_813,validation,90.70000160485506,35.900001525878906,480.0,0.3757828810020877,0.36604188252462855,0.6273612779144269,480,480
48,bpswmm_814,train,41.20000007748604,9.5,480.0,0.6263048016701461,0.5898058294862978,0.40635112844973253,480,480
49,bpswmm_816,validation,17.700000144541264,3.9000000953674316,480.0,0.3757828810020877,0.4519773974390178,0.5443502861169903,480,480
50,bpswmm_817,train,23.099999725818634,8.0,480.0,0.0,0.0,0.9942279941594844,480,480
51,bpswmm_818,train,44.69999969005585,10.899999618530273,480.0,0.0,0.0,0.9959358688687139,480,480
52,bpswmm_819,train,97.09999871253967,32.29999923706055,480.0,0.6263048016701461,0.4644696241258371,0.5299862633329117,480,480
53,bpswmm_820,train,24.000000074505806,4.900000095367432,480.0,0.25052192066805845,0.30833333634978366,0.6882638858167748,480,480
54,bpswmm_822,train,62.90000009536743,19.600000381469727,480.0,0.6263048016701461,0.5389507085394584,0.45585586264449696,480,480
55,bpswmm_823,train,26.39999981224537,8.0,480.0,0.3757828810020877,0.4204545448323809,0.5744949500811952,480,480
56,bpswmm_91,train,60.00000049173832,13.600000381469727,540.0,0.6679035250463822,0.564999997207274,0.43122222493994566,540,540
57,bpswmm_92,train,25.100000120699406,5.099999904632568,540.0,0.4452690166975881,0.3227091627446635,0.6739043831516791,540,540
58,bpswmm_93,validation,66.40000015497208,24.0,480.0,0.3339517625231911,0.14608433952189778,0.8478915641066198,480,540
59,bpswmm_94,train,24.800000183284283,5.400000095367432,540.0,0.11131725417439703,0.19758064754653243,0.7987903201581323,540,540
60,bpswmm_95,train,52.80000030994415,21.100000381469727,540.0,0.22263450834879406,0.14204545822712916,0.8512941881562012,540,540
61,bpswmm_96,train,71.40000012516975,33.5,540.0,0.22263450834879406,0.03641456609641255,0.9557656393327957,540,540
62,bpswmm_98,train,45.70000038295984,15.600000381469727,540.0,0.3339517625231911,0.22975930519228752,0.7645514168169233,540,540
63,bpswmm_99,train,32.09999977052212,9.300000190734863,540.0,0.11131725417439703,0.0031152648661993926,0.9920560745641126,540,540
64,bpswmm_910,validation,17.299999751150608,4.099999904632568,540.0,0.5565862708719852,0.5895953800690681,0.4064547163051049,540,540
65,bpswmm_911,train,42.50000066310167,14.300000190734863,540.0,0.5565862708719852,0.16470588188682875,0.8296862749886141,540,540
66,bpswmm_913,train,27.000000305473804,8.800000190734863,540.0,0.11131725417439703,0.24074073801703744,0.7538271631612509,540,540
67,bpswmm_914,validation,56.69999995827675,32.0,540.0,0.11131725417439703,0.07936507942348094,0.9112286889411435,540,540
68,bpswmm_915,train,28.500000409781933,16.0,540.0,0.5565862708719852,0.34035088625934595,0.6502923887289891,540,540
69,bpswmm_101,train,29.800000868737698,8.600000381469727,600.0,0.5008347245409015,0.31208053296529653,0.6831096235611239,600,600
70,bpswmm_103,train,27.899999409914017,7.699999809265137,600.0,0.1001669449081803,0.07526881537805166,0.9201314235872289,600,600
71,bpswmm_104,train,6.599999934434891,2.0999999046325684,600.0,0.5008347245409015,0.3787878881951776,0.6159090816899381,600,600
72,bpswmm_105,train,10.7999999076128,5.199999809265137,600.0,0.2003338898163606,0.20370370986141956,0.7882715990062535,600,600
73,bpswmm_106,train,35.30000064522028,7.400000095367432,600.0,0.4006677796327212,0.2549575091760573,0.7415486287086883,600,600
74,bpswmm_107,validation,31.09999980032444,14.300000190734863,600.0,0.3005008347245409,0.3633440407472457,0.6289925078687527,600,600
75,bpswmm_108,train,10.30000001937151,2.700000047683716,600.0,0.6010016694490818,0.3883495145560839,0.6072815533361398,600,600
76,bpswmm_1010,train,39.40000069141388,11.800000190734863,600.0,0.2003338898163606,0.31472081513156525,0.6802876451122327,600,600
77,bpswmm_1011,validation,125.49999771267176,59.29999923706055,600.0,0.3005008347245409,0.3800796752838298,0.6120451586713036,600,600
78,bpswmm_1012,train,45.199999906122684,8.0,600.0,0.3005008347245409,0.09513274464833271,0.901917402838166,600,600
79,bpswmm_1013,train,37.8999994546175,15.199999809265137,600.0,0.0,0.0,0.9933157431715067,600,600
80,bpswmm_1014,train,77.19999805092812,36.599998474121094,600.0,0.2003338898163606,0.23834196998802987,0.7537564757377553,600,600
81,bpswmm_1016,train,106.10000269860029,35.70000076293945,600.0,0.4006677796327212,0.3967954804940479,0.5975966024693627,600,600
82,bpswmm_1017,train,38.199999541044235,18.399999618530273,600.0,0.3005008347245409,0.42408377285628585,0.5678883040025283,600,600
83,bpswmm_111,train,24.900000616908073,10.600000381469727,660.0,0.2731411229135053,0.2329317290959028,0.7599732239704625,660,660
84,bpswmm_112,train,30.699999526143074,10.399999618530273,660.0,0.18209408194233687,0.18892508279608283,0.8054288804074703,660,660
85,bpswmm_113,train,138.9999998807907,31.899999618530273,660.0,0.18209408194233687,0.023021583096605052,0.9731534768978928,660,660
86,bpswmm_114,train,49.89999923110008,16.399999618530273,660.0,0.36418816388467373,0.05410821643047198,0.9404141617020481,660,660
87,bpswmm_116,train,37.20000010728836,9.0,660.0,0.5462822458270106,0.31720429407177475,0.6787634478753385,660,660
88,bpswmm_117,train,46.699999906122684,7.5,660.0,0.7283763277693475,0.6359743033367504,0.361349037128961,660,660
89,bpswmm_119,train,24.90000033378601,9.800000190734863,660.0,0.0,0.0,0.9934404283404517,660,660
90,bpswmm_1110,train,47.29999963194132,17.5,660.0,0.0,0.0,0.9938336856461685,660,660
91,bpswmm_1111,train,34.199999675154686,20.899999618530273,660.0,0.2731411229135053,0.11988303950370154,0.8699317754002718,660,660
92,bpswmm_131,train,57.70000074803829,12.300000190734863,780.0,0.3080872913992298,0.17331022318557882,0.82313691718667,780,780
93,bpswmm_132,train,15.400000110268593,2.9000000953674316,780.0,0.5391527599486521,0.46753246437831725,0.529329007402416,780,780
94,bpswmm_134,train,32.89999985694885,6.599999904632568,780.0,0.3080872913992298,0.13677811971962178,0.8598784152685597,780,780
95,bpswmm_135,train,109.49999688565731,34.599998474121094,780.0,0.6161745827984596,0.6173516020691129,0.37738203576068974,780,780
96,bpswmm_136,train,23.700000263750553,15.300000190734863,780.0,0.23106546854942234,0.0759493667463815,0.9132911395683404,780,780
97,bpswmm_138,validation,106.00000187009573,54.20000076293945,780.0,0.3851091142490372,0.4433962285031931,0.5480817589485804,780,780
98,bpswmm_139,train,14.099999889731407,4.699999809265137,780.0,0.3080872913992298,0.1985815595116847,0.7958628851147677,780,780
99,bpswmm_1310,validation,29.40000009536743,10.399999618530273,780.0,0.8472400513478819,0.63265307518851,0.36145123343688973,780,780
100,bpswmm_1311,train,48.80000079423189,11.199999809265137,780.0,0.23106546854942234,0.09836065819803837,0.8978142053173365,780,780
101,bpswmm_1312,train,30.199999786913395,4.699999809265137,780.0,0.8472400513478819,0.8278145746372336,0.16959160646517937,780,780
102,bpswmm_161,validation,173.19999972730875,32.099998474121094,960.0,0.1251303441084463,0.18071593121443533,0.8161951543778799,960,960
103,bpswmm_162,train,31.100000247359276,5.199999809265137,960.0,0.6256517205422315,0.3022508078749524,0.694962482710307,960,960
104,bpswmm_163,train,39.29999954998493,7.599999904632568,960.0,0.0,0.0,0.9967769296048946,960,960
105,bpswmm_165,train,56.79999966919422,24.899999618530273,960.0,0.5630865484880083,0.470070426899458,0.5226232351417541,960,960
106,bpswmm_166,train,52.99999966472387,11.699999809265137,960.0,0.3753910323253389,0.1811320774891106,0.8151886772645753,960,960
107,bpswmm_167,train,108.99999961256981,20.600000381469727,960.0,0.2502606882168926,0.16788990581871413,0.8289602470169601,960,960
108,bpswmm_168,train,32.70000021159649,7.5,960.0,0.7507820646506778,0.48929663497008485,0.5068807350852318,960,960
109,bpswmm_169,train,25.700000062584877,6.699999809265137,960.0,0.0,0.0,0.9956549936491899,960,960
110,bpswmm_1610,validation,50.599999845027924,14.800000190734863,960.0,0.2502606882168926,0.11462450415958966,0.8805006604530379,960,960
111,bpswmm_1611,train,75.70000003278255,24.899999618530273,960.0,0.5005213764337852,0.3408190258133124,0.6536988078265495,960,960
112,bpswmm_241,validation,40.799999587237835,5.800000190734863,1320.0,0.1250868658790827,0.1838235283496595,0.8138071905027049,1320,1440
113,bpswmm_242,validation,40.30000030249357,5.800000190734863,1440.0,0.16678248783877692,0.3300248072773353,0.667576516069563,1440,1440
114,bpswmm_243,train,60.79999989271164,8.199999809265137,1440.0,0.16678248783877692,0.2730263186240739,0.7247258744067006,1440,1440
115,bpswmm_244,train,41.60000014305115,5.300000190734863,1440.0,0.8339124391938847,0.7499999942687842,0.24787660822620397,1440,1440
116,bpswmm_245,train,140.800000987947,32.400001525878906,1440.0,0.33356497567755383,0.18750000089626567,0.8086647716772974,1440,1440
117,bpswmm_247,train,45.79999974370003,6.199999809265137,1440.0,0.1250868658790827,0.10262008699952564,0.8951237267399356,1440,1440
118,bpswmm_248,train,88.3000009432435,17.5,1440.0,0.9173036831132731,0.698754245783447,0.29794262099400476,1440,1440
119,bpswmm_249,train,91.89999961107969,11.199999809265137,1440.0,0.542043085476025,0.19695320583409381,0.8010156008658221,1440,1440
120,bpswmm_2410,train,36.199999779462814,4.0,1440.0,0.04169562195969423,0.08563535700326931,0.9125230223593602,1440,1440
121,bpswmm_2412,train,42.5999997779727,11.899999618530273,1440.0,0.04169562195969423,0.16666666529664598,0.8286776227782554,1440,1440
122,bpswmm_2413,train,35.000000044703484,4.900000095367432,1440.0,0.8756080611535789,0.7714285717205125,0.2262380949037213,1440,1440
123,test_bpswmm_68,train,2.6000000536441803,1.100000023841858,360.0,0.1671309192200557,0.07692307648221418,0.9160256414591561,360,360
124,test_bpswmm_612,train,51.99999952316284,16.899999618530273,360.0,0.1671309192200557,0.07692307762845733,0.9176602557774713,360,360
125,test_bpswmm_617,train,42.20000000298023,11.800000190734863,360.0,0.6685236768802229,0.5023696682815889,0.4929699840920676,360,360
126,test_bpswmm_71,train,40.200000286102295,11.199999809265137,420.0,0.1431980906921241,0.0771144249395511,0.9182421257530049,420,420
127,test_bpswmm_77,train,37.900000154972076,13.600000381469727,420.0,0.4295942720763723,0.5303429969399903,0.4636763520811795,420,420
128,test_bpswmm_719,train,13.899999991059303,3.9000000953674316,420.0,0.5727923627684964,0.6474820062287518,0.3478417346610851,420,420
129,test_bpswmm_725,train,28.59999969601631,12.5,420.0,0.4295942720763723,0.43356642483662217,0.5591491928015713,420,420
130,test_bpswmm_82,train,27.19999998807907,7.800000190734863,480.0,0.3757828810020877,0.4963235208638992,0.4988970672524284,480,480
131,test_bpswmm_89,train,77.60000053793192,33.5,480.0,0.25052192066805845,0.28221650026277484,0.7105884826049712,480,480
132,test_bpswmm_815,train,17.299999952316284,4.099999904632568,480.0,0.3757828810020877,0.39306359247820527,0.6029865039418975,480,480
133,test_bpswmm_821,validation,54.10000064969063,14.5,480.0,0.7515657620041754,0.6765249576739132,0.319008006027298,480,480
134,test_bpswmm_97,validation,32.00000096857548,16.700000762939453,540.0,0.3339517625231911,0.13437499677093012,0.8569270864283073,540,540
135,test_bpswmm_912,train,20.60000003129244,7.699999809265137,540.0,0.0,0.0,0.9937702267009964,540,540
136,test_bpswmm_916,validation,40.40000003576279,14.0,540.0,0.11131725417439703,0.11386138367724179,0.8803630387701151,540,540
137,test_bpswmm_102,train,26.699999645352364,5.199999809265137,600.0,0.6010016694490818,0.5543071172168803,0.4424469402872801,600,600
138,test_bpswmm_109,validation,59.80000105500221,17.200000762939453,600.0,0.9015025041736227,0.7123745742559533,0.2828316686483126,600,600
139,test_bpswmm_1015,train,11.899999909102917,4.699999809265137,600.0,0.1001669449081803,0.12605042113089207,0.8673669460327414,600,600
140,test_bpswmm_115,train,46.700000166893005,8.800000190734863,660.0,0.637329286798179,0.6873661625249671,0.3094932235709337,660,660
141,test_bpswmm_118,heldout_test,54.400000154972076,12.800000190734863,660.0,0.36418816388467373,0.13051470485314481,0.8655637264721399,660,660
142,test_bpswmm_133,heldout_test,80.70000091195107,24.0,780.0,0.3080872913992298,0.4262701385807569,0.5687732319833101,780,780
143,test_bpswmm_137,validation,34.400000125169754,10.699999809265137,780.0,0.1540436456996149,0.22093023591271407,0.7738856556714276,780,780
144,test_bpswmm_164,train,26.899999983608723,6.599999904632568,960.0,0.43795620437956206,0.31226765618863517,0.6836431245371057,960,960
145,test_bpswmm_1612,heldout_test,51.89999944716692,9.899999618530273,960.0,0.18769551616266944,0.19653179219213796,0.8002890171450541,960,960
146,test_bpswmm_246,train,53.500000059604645,4.599999904632568,1440.0,0.7922168172341905,0.7644859811251564,0.23408099709929595,1440,1440
147,test_bpswmm_2411,train,155.99999876320362,23.5,1440.0,0.6671299513551077,0.7692307676877496,0.22825854853166153,1440,1440
