split,feature,error,event_count,pearson_r,spearman_r
heldout_test,total_rainfall,node_rmse,3,0.9640812974580366,1.0
heldout_test,total_rainfall,node_mae,3,0.8777390352171089,1.0
heldout_test,total_rainfall,pipe_rmse,3,0.966871811959164,1.0
heldout_test,total_rainfall,pipe_mae,3,0.8740124524438674,1.0
heldout_test,total_rainfall,flood_volume_rmse,3,0.9876604483605258,1.0
heldout_test,total_rainfall,flood_volume_mae,3,0.959503029241253,1.0
heldout_test,max_step_intensity,node_rmse,3,0.9885801389027522,1.0
heldout_test,max_step_intensity,node_mae,3,0.9278791578703476,1.0
heldout_test,max_step_intensity,pipe_rmse,3,0.990138028377077,1.0
heldout_test,max_step_intensity,pipe_mae,3,0.9249717134552753,1.0
heldout_test,max_step_intensity,flood_volume_rmse,3,0.999212202626943,1.0
heldout_test,max_step_intensity,flood_volume_mae,3,0.9859207966878439,1.0
heldout_test,mean_intensity_event,node_rmse,3,0.96594234778106,1.0
heldout_test,mean_intensity_event,node_mae,3,0.9995227614490937,1.0
heldout_test,mean_intensity_event,pipe_rmse,3,0.963114439756304,1.0
heldout_test,mean_intensity_event,pipe_mae,3,0.9997315242421172,1.0
heldout_test,mean_intensity_event,flood_volume_rmse,3,0.9311247335163647,1.0
heldout_test,mean_intensity_event,flood_volume_mae,3,0.9701359352301947,1.0
heldout_test,active_rainfall_duration_minutes,node_rmse,3,-0.44593649360685617,-0.5
heldout_test,active_rainfall_duration_minutes,node_mae,3,-0.638894194997193,-0.5
heldout_test,active_rainfall_duration_minutes,pipe_rmse,3,-0.43632070903445563,-0.5
heldout_test,active_rainfall_duration_minutes,pipe_mae,3,-0.6448164282340773,-0.5
heldout_test,active_rainfall_duration_minutes,flood_volume_rmse,3,-0.3435029603946714,-0.5
heldout_test,active_rainfall_duration_minutes,flood_volume_mae,3,-0.46084765730501187,-0.5
heldout_test,peak_time_from_rain_start_minute,node_rmse,3,0.7648820002910363,0.8660254037844387
heldout_test,peak_time_from_rain_start_minute,node_mae,3,0.8919762061056487,0.8660254037844387
heldout_test,peak_time_from_rain_start_minute,pipe_rmse,3,0.7579361181528692,0.8660254037844387
heldout_test,peak_time_from_rain_start_minute,pipe_mae,3,0.8954410511164611,0.8660254037844387
heldout_test,peak_time_from_rain_start_minute,flood_volume_rmse,3,0.6884009372491394,0.8660254037844387
heldout_test,peak_time_from_rain_start_minute,flood_volume_mae,3,0.7755513128019975,0.8660254037844387
heldout_test,pre_rain_dry_minutes,node_rmse,3,,
heldout_test,pre_rain_dry_minutes,node_mae,3,,
heldout_test,pre_rain_dry_minutes,pipe_rmse,3,,
heldout_test,pre_rain_dry_minutes,pipe_mae,3,,
heldout_test,pre_rain_dry_minutes,flood_volume_rmse,3,,
heldout_test,pre_rain_dry_minutes,flood_volume_mae,3,,
heldout_test,rainfall_before_peak,node_rmse,3,0.8999491758532824,0.5
heldout_test,rainfall_before_peak,node_mae,3,0.7763242306636575,0.5
heldout_test,rainfall_before_peak,pipe_rmse,3,0.9045689917175689,0.5
heldout_test,rainfall_before_peak,pipe_mae,3,0.771432990200024,0.5
heldout_test,rainfall_before_peak,flood_volume_rmse,3,0.9428988414041852,0.5
heldout_test,rainfall_before_peak,flood_volume_mae,3,0.8925294637964427,0.5
heldout_test,rainfall_after_peak,node_rmse,3,0.6182293544232504,0.5
heldout_test,rainfall_after_peak,node_mae,3,0.7816629677380049,0.5
heldout_test,rainfall_after_peak,pipe_rmse,3,0.609772278753165,0.5
heldout_test,rainfall_after_peak,pipe_mae,3,0.786456519415521,0.5
heldout_test,rainfall_after_peak,flood_volume_rmse,3,0.5268684870904908,0.5
heldout_test,rainfall_after_peak,flood_volume_mae,3,0.6312918241350488,0.5
validation,total_rainfall,node_rmse,27,0.7012467187461554,0.8223443223443224
validation,total_rainfall,node_mae,27,0.7589507795117862,0.8424908424908425
validation,total_rainfall,pipe_rmse,27,0.7082874798228544,0.8235653235653235
validation,total_rainfall,pipe_mae,27,0.7693141870323063,0.851037851037851
validation,total_rainfall,flood_volume_rmse,27,0.6855094252807244,0.8064713064713065
validation,total_rainfall,flood_volume_mae,27,0.7542506704482667,0.855921855921856
validation,max_step_intensity,node_rmse,27,0.9366782607148175,0.9326820441438306
validation,max_step_intensity,node_mae,27,0.9325540116939139,0.9067318072363919
validation,max_step_intensity,pipe_rmse,27,0.9493610798780443,0.9400091698588722
validation,max_step_intensity,pipe_mae,27,0.9344085880015597,0.9073424010459786
validation,max_step_intensity,flood_volume_rmse,27,0.9310602665497525,0.9323767472390373
validation,max_step_intensity,flood_volume_mae,27,0.927985180912715,0.9320714503342439
validation,mean_intensity_event,node_rmse,27,0.7824731799025302,0.9786324786324787
validation,mean_intensity_event,node_mae,27,0.8850231622600102,0.9798534798534798
validation,mean_intensity_event,pipe_rmse,27,0.8043693976304609,0.9792429792429792
validation,mean_intensity_event,pipe_mae,27,0.9009106149445741,0.9835164835164836
validation,mean_intensity_event,flood_volume_rmse,27,0.7780297008963108,0.9615384615384616
validation,mean_intensity_event,flood_volume_mae,27,0.849527781696162,0.985958485958486
validation,active_rainfall_duration_minutes,node_rmse,27,-0.10188787544655001,-0.2186343894601316
validation,active_rainfall_duration_minutes,node_mae,27,-0.1714939531155358,-0.18898904851638496
validation,active_rainfall_duration_minutes,pipe_rmse,27,-0.12360697657187171,-0.2170903612859781
validation,active_rainfall_duration_minutes,pipe_mae,27,-0.1828509179339098,-0.18219532455010967
validation,active_rainfall_duration_minutes,flood_volume_rmse,27,-0.11587081579747972,-0.25476464873532284
validation,active_rainfall_duration_minutes,flood_volume_mae,27,-0.11938200356126213,-0.19454754994333745
validation,peak_time_from_rain_start_minute,node_rmse,27,-0.04127387896987201,-0.15726606814030927
validation,peak_time_from_rain_start_minute,node_mae,27,-0.06426491387984476,-0.05594445111710605
validation,peak_time_from_rain_start_minute,pipe_rmse,27,-0.05456607367881382,-0.14359075786723888
validation,peak_time_from_rain_start_minute,pipe_mae,27,-0.06331825144739413,-0.04879599347436473
validation,peak_time_from_rain_start_minute,flood_volume_rmse,27,-0.06345919586600435,-0.1967379864284896
validation,peak_time_from_rain_start_minute,flood_volume_mae,27,-0.06816952300908187,-0.10536204960388307
validation,pre_rain_dry_minutes,node_rmse,27,,
validation,pre_rain_dry_minutes,node_mae,27,,
validation,pre_rain_dry_minutes,pipe_rmse,27,,
validation,pre_rain_dry_minutes,pipe_mae,27,,
validation,pre_rain_dry_minutes,flood_volume_rmse,27,,
validation,pre_rain_dry_minutes,flood_volume_mae,27,,
validation,rainfall_before_peak,node_rmse,27,0.6278318055945837,0.27171424526612414
validation,rainfall_before_peak,node_mae,27,0.6444070372624704,0.35353381575075477
validation,rainfall_before_peak,pipe_rmse,27,0.617397846787905,0.26866127621819014
validation,rainfall_before_peak,pipe_mae,27,0.6489931418073712,0.3623874259897633
validation,rainfall_before_peak,flood_volume_rmse,27,0.6025056678474251,0.20424362930678322
validation,rainfall_before_peak,flood_volume_mae,27,0.6416088055261382,0.30773928003174517
validation,rainfall_after_peak,node_rmse,27,0.5500641716676888,0.7643467643467643
validation,rainfall_after_peak,node_mae,27,0.6148884604844559,0.7313797313797313
validation,rainfall_after_peak,pipe_rmse,27,0.5645457089099054,0.768009768009768
validation,rainfall_after_peak,pipe_mae,27,0.625643499486374,0.7301587301587301
validation,rainfall_after_peak,flood_volume_rmse,27,0.5436169616981529,0.775946275946276
validation,rainfall_after_peak,flood_volume_mae,27,0.6104294704861707,0.7735042735042735
