grouping,group,split,metric,event_count,mean,median,std,mean_ci_low,mean_ci_high,median_ci_low,median_ci_high,std_ci_low,std_ci_high,bootstrap_reps,bootstrap_seed
rainfall_group,small,validation,node_rmse,3,1.0445804107393593,1.0251513419790836,0.036689272551993314,1.0126291612444391,1.095960728994555,1.0126291612444391,1.095960728994555,0.0,0.039282877762008755,10000,20260928
rainfall_group,small,validation,node_mae,3,0.42027520486268105,0.4117956578977692,0.025113858335769727,0.3946464031662628,0.4543835535240111,0.3946464031662628,0.4543835535240111,0.0,0.02816036273781614,10000,20260928
rainfall_group,small,validation,pipe_rmse,3,0.7849227218545728,0.7770924758842099,0.027601427137656794,0.7557202723730748,0.821955417306434,0.7557202723730747,0.821955417306434,0.0,0.03122354675683475,10000,20260928
rainfall_group,small,validation,pipe_mae,3,0.3025266255525696,0.3001990697341414,0.01942553118839914,0.2799846287252078,0.3273961781983595,0.2799846287252078,0.3273961781983595,0.0,0.02235001875935136,10000,20260928
rainfall_group,small,validation,flood_volume_rmse,3,1.0533815242748645,1.0422565258537184,0.09291180971168729,0.9455593579285452,1.1723286890423297,0.9455593579285452,1.1723286890423297,0.0,0.10690008786379637,10000,20260928
rainfall_group,small,validation,flood_volume_mae,3,0.2659180567623313,0.268769177333544,0.017399636886070605,0.2433259100899935,0.2856590828634566,0.2433259100899935,0.2856590828634566,0.0,0.019956049024838326,10000,20260928
rainfall_group,medium,validation,node_rmse,13,1.831108758489394,1.8354814852140584,0.5112692960569595,1.5549676843095546,2.1050200229394895,1.4945852688793126,2.053228042782264,0.30649512246205274,0.6470486726130115,10000,20260928
rainfall_group,medium,validation,node_mae,13,0.6748544522071925,0.6966721496281957,0.16994403701922828,0.5809629516763171,0.7660046049545239,0.5378564208700668,0.8096387624975033,0.1186602201730076,0.1998843080675148,10000,20260928
rainfall_group,medium,validation,pipe_rmse,13,1.4283405106800298,1.4528723914852535,0.4242550852120456,1.2015237692175207,1.6639906318381281,1.1326016199308735,1.5997821068073674,0.25294736329224016,0.5390476451511714,10000,20260928
rainfall_group,medium,validation,pipe_mae,13,0.49535873594849156,0.5130025373463716,0.12545398819743867,0.4254702789190053,0.5614391737178501,0.4014766056891147,0.592845379864728,0.08630756991954094,0.1477105063313234,10000,20260928
rainfall_group,medium,validation,flood_volume_rmse,13,2.0630092821866666,2.017351071586581,0.8857622176565382,1.6290799274378869,2.575962692391893,1.4345561223504637,2.3533387853596204,0.4142078591641983,1.2235648874474585,10000,20260928
rainfall_group,medium,validation,flood_volume_mae,13,0.5001719283520695,0.513616694897677,0.1634246829814267,0.4121191983352027,0.5901435626108062,0.3809397011284023,0.6146395833013254,0.11053250789431064,0.1961160206263274,10000,20260928
rainfall_group,large,validation,node_rmse,11,4.568192604471005,3.46500454643508,2.9839840605035453,3.0129696670642563,6.5338041575207,2.5263283687232003,5.605146595532227,0.8129291434831666,4.0550526713240265,10000,20260928
rainfall_group,large,validation,node_mae,11,1.2807207040281767,1.0159022073361257,0.5680410353893478,0.9878209803570869,1.6426118260624494,0.9299433722048526,1.56275386303927,0.2184634142717855,0.8023242162063093,10000,20260928
rainfall_group,large,validation,pipe_rmse,11,3.4793367751141506,2.754150275559152,2.113411409466579,2.369395868038146,4.829167646107904,1.9838980371741135,4.431979956538247,0.6587508507000104,2.8657893580686746,10000,20260928
rainfall_group,large,validation,pipe_mae,11,0.9215309867938412,0.7456061355940258,0.38215395997093926,0.720665950743151,1.165845548699403,0.6963229814895574,1.101483303778651,0.1519531607026254,0.537059470200618,10000,20260928
rainfall_group,large,validation,flood_volume_rmse,11,5.683896163310611,4.361842060428915,4.008683319583507,3.624864104607658,8.31238048438519,2.8925889088036465,7.102660600832583,1.1037099123901661,5.576020567657118,10000,20260928
rainfall_group,large,validation,flood_volume_mae,11,1.2969772999213747,0.9627897279452432,0.7923191017251752,0.891561187790207,1.8171529888523066,0.7515758822321668,1.5222741231102508,0.2705526858064546,1.1413131389644762,10000,20260928
rainfall_group,small,heldout_test,node_rmse,0,,,,,,,,,,10000,20260928
rainfall_group,small,heldout_test,node_mae,0,,,,,,,,,,10000,20260928
rainfall_group,small,heldout_test,pipe_rmse,0,,,,,,,,,,10000,20260928
rainfall_group,small,heldout_test,pipe_mae,0,,,,,,,,,,10000,20260928
rainfall_group,small,heldout_test,flood_volume_rmse,0,,,,,,,,,,10000,20260928
rainfall_group,small,heldout_test,flood_volume_mae,0,,,,,,,,,,10000,20260928
rainfall_group,medium,heldout_test,node_rmse,0,,,,,,,,,,10000,20260928
rainfall_group,medium,heldout_test,node_mae,0,,,,,,,,,,10000,20260928
rainfall_group,medium,heldout_test,pipe_rmse,0,,,,,,,,,,10000,20260928
rainfall_group,medium,heldout_test,pipe_mae,0,,,,,,,,,,10000,20260928
rainfall_group,medium,heldout_test,flood_volume_rmse,0,,,,,,,,,,10000,20260928
rainfall_group,medium,heldout_test,flood_volume_mae,0,,,,,,,,,,10000,20260928
rainfall_group,large,heldout_test,node_rmse,3,1.9522300245512472,1.8195661527042,0.5347383972311297,1.3738000253080849,2.6633238956414558,1.373800025308085,2.6633238956414558,0.0,0.6078873821430991,10000,20260928
rainfall_group,large,heldout_test,node_mae,3,0.7046704122525688,0.7150521742559113,0.13476351566152753,0.5346736697244895,0.8642853927773059,0.5346736697244895,0.8642853927773059,0.0,0.15538045635281916,10000,20260928
rainfall_group,large,heldout_test,pipe_rmse,3,1.537353836238136,1.418600290149223,0.4515437317808507,1.0533515435887193,2.1401096749764656,1.0533515435887193,2.1401096749764656,0.0,0.5123026961425976,10000,20260928
rainfall_group,large,heldout_test,pipe_mae,3,0.5193019561307534,0.5282903807157172,0.10221042257274779,0.3898683109463305,0.6397471767302124,0.3898683109463305,0.6397471767302124,0.0,0.11779402698065737,10000,20260928
rainfall_group,large,heldout_test,flood_volume_rmse,3,2.151967747996249,1.8467879181304512,0.7599635200112169,1.412108347167143,3.197006978691153,1.412108347167143,3.197006978691153,0.0,0.8414092840541442,10000,20260928
rainfall_group,large,heldout_test,flood_volume_mae,3,0.5642778691611424,0.5275381862824177,0.16345827420893053,0.38499762107985475,0.7802978001211547,0.3849976210798548,0.7802978001211547,0.0,0.186346291469573,10000,20260928
max_intensity_group,low_peak,validation,node_rmse,5,1.0379004620360708,1.0251513419790836,0.04091981722601256,1.0033474244980642,1.0734013289978799,0.9831637290111798,1.095960728994555,0.01391116064729927,0.05077263463146138,10000,20260928
max_intensity_group,low_peak,validation,node_mae,5,0.4197912709546892,0.4117956578977692,0.020395602821838252,0.40398607997195,0.4389792848320095,0.3946464031662628,0.4543835535240111,0.00647248332174755,0.026767906793014575,10000,20260928
max_intensity_group,low_peak,validation,pipe_rmse,5,0.7753717454216522,0.7770924758842099,0.030410975085275564,0.7502071842779091,0.8022786858593088,0.7322836565403753,0.821955417306434,0.010985776069865123,0.0401024320078599,10000,20260928
max_intensity_group,low_peak,validation,pipe_mae,5,0.3035832195142546,0.3001990697341414,0.01581248270515228,0.29005802141783754,0.31791386830372914,0.2799846287252078,0.3273961781983595,0.005546663848734156,0.0213353524923584,10000,20260928
max_intensity_group,low_peak,validation,flood_volume_rmse,5,1.031110505849533,1.0422565258537184,0.08313042920065299,0.9658859754587908,1.102478804710012,0.9455593579285452,1.1723286890423297,0.0379505181616605,0.11029147950757338,10000,20260928
max_intensity_group,low_peak,validation,flood_volume_mae,5,0.2706399075041171,0.2720550792772861,0.015097712591035444,0.25688119809339616,0.282030764183362,0.2433259100899935,0.2856590828634566,0.004841372003700687,0.02001510168853073,10000,20260928
max_intensity_group,medium_peak,validation,node_rmse,5,1.789486948125249,1.9766733590765584,0.28110591074175306,1.5443657622475349,2.024946022389412,1.402147736235125,2.053228042782264,0.024377742480554538,0.30859931230987836,10000,20260928
max_intensity_group,medium_peak,validation,node_mae,5,0.6897859523976994,0.7653486703818292,0.13098358411810995,0.5744370861100799,0.8003413300590803,0.4991215507206178,0.8096387624975033,0.01750322580749096,0.15176349511482243,10000,20260928
max_intensity_group,medium_peak,validation,pipe_rmse,5,1.3718592684091395,1.5061697443612945,0.22991245267420743,1.1730314907342971,1.5670813474147802,1.0559064813972252,1.5997821068073674,0.030167671199196985,0.2554589819792446,10000,20260928
max_intensity_group,medium_peak,validation,pipe_mae,5,0.5021009105936748,0.5564432401390172,0.09569612920598797,0.4184958851411099,0.5832537295854054,0.3656317463704605,0.592845379864728,0.013652024462922732,0.10944472624337544,10000,20260928
max_intensity_group,medium_peak,validation,flood_volume_rmse,5,1.9095120423609053,2.0725497787192406,0.4103751291743401,1.5562976444254,2.2685836494952296,1.4052700763563686,2.3533387853596204,0.09499271350834654,0.45501781179847944,10000,20260928
max_intensity_group,medium_peak,validation,flood_volume_mae,5,0.4921474732605601,0.5495723578078908,0.12500466120827708,0.38217789075668984,0.5988972925756924,0.3071820142949326,0.6146395833013254,0.02485046368846261,0.1484156464831013,10000,20260928
max_intensity_group,high_peak,validation,node_rmse,17,3.70890215829145,2.836432431350977,2.6800996188050026,2.6128394769562555,5.120865276387614,2.2571013543613865,3.6299959423156514,0.8126540414251858,3.7908186135206035,10000,20260928
max_intensity_group,high_peak,validation,node_mae,17,1.0925867718135027,0.941506822974281,0.5301607536296828,0.872477198537437,1.3719963995031195,0.837582233920327,1.2450198855144414,0.23070541862297703,0.7602023410381494,10000,20260928
max_intensity_group,high_peak,validation,pipe_rmse,17,2.850573191853283,2.265665985709466,1.9125711176146676,2.058208930090068,3.8537651528134074,1.8168697750790903,2.8016357628995228,0.6123094142938103,2.703923000755219,10000,20260928
max_intensity_group,high_peak,validation,pipe_mae,17,0.7915096263635709,0.6963229814895574,0.35969351903038105,0.6391059202692071,0.9733760748397655,0.6278503117063876,0.914210060266941,0.16244208788675688,0.5113148262574927,10000,20260928
max_intensity_group,high_peak,validation,flood_volume_rmse,17,4.576412370389163,3.435913029945622,3.6019326844503516,3.0836901318856462,6.509258970552073,2.3533774733126176,4.470618768049482,1.1494877037132507,5.1640142760082135,10000,20260928
max_intensity_group,high_peak,validation,flood_volume_mae,17,1.0442825078926843,0.7848615939738728,0.7286615147331378,0.7499399999804004,1.430474592562169,0.6327088662656711,1.2515804726982749,0.2845470994229769,1.06480064407018,10000,20260928
max_intensity_group,low_peak,heldout_test,node_rmse,0,,,,,,,,,,10000,20260928
max_intensity_group,low_peak,heldout_test,node_mae,0,,,,,,,,,,10000,20260928
max_intensity_group,low_peak,heldout_test,pipe_rmse,0,,,,,,,,,,10000,20260928
max_intensity_group,low_peak,heldout_test,pipe_mae,0,,,,,,,,,,10000,20260928
max_intensity_group,low_peak,heldout_test,flood_volume_rmse,0,,,,,,,,,,10000,20260928
max_intensity_group,low_peak,heldout_test,flood_volume_mae,0,,,,,,,,,,10000,20260928
max_intensity_group,medium_peak,heldout_test,node_rmse,2,1.5966830890061425,1.5966830890061425,0.22288306369805744,1.373800025308085,1.8195661527042,1.373800025308085,1.8195661527042,0.0,0.22288306369805744,10000,20260928
max_intensity_group,medium_peak,heldout_test,node_mae,2,0.6248629219902004,0.6248629219902004,0.0901892522657109,0.5346736697244895,0.7150521742559113,0.5346736697244895,0.7150521742559113,0.0,0.0901892522657109,10000,20260928
max_intensity_group,medium_peak,heldout_test,pipe_rmse,2,1.2359759168689712,1.2359759168689712,0.18262437328025183,1.0533515435887193,1.418600290149223,1.0533515435887193,1.418600290149223,0.0,0.18262437328025183,10000,20260928
max_intensity_group,medium_peak,heldout_test,pipe_mae,2,0.45907934583102383,0.45907934583102383,0.06921103488469335,0.3898683109463305,0.5282903807157172,0.3898683109463305,0.5282903807157172,0.0,0.06921103488469335,10000,20260928
max_intensity_group,medium_peak,heldout_test,flood_volume_rmse,2,1.629448132648797,1.629448132648797,0.2173397854816541,1.412108347167143,1.8467879181304512,1.412108347167143,1.8467879181304512,0.0,0.2173397854816541,10000,20260928
max_intensity_group,medium_peak,heldout_test,flood_volume_mae,2,0.45626790368113623,0.45626790368113623,0.07127028260128143,0.3849976210798548,0.5275381862824177,0.3849976210798548,0.5275381862824177,0.0,0.07127028260128143,10000,20260928
max_intensity_group,high_peak,heldout_test,node_rmse,1,2.6633238956414558,2.6633238956414558,0.0,2.6633238956414558,2.6633238956414558,2.6633238956414558,2.6633238956414558,0.0,0.0,10000,20260928
max_intensity_group,high_peak,heldout_test,node_mae,1,0.8642853927773059,0.8642853927773059,0.0,0.8642853927773059,0.8642853927773059,0.8642853927773059,0.8642853927773059,0.0,0.0,10000,20260928
max_intensity_group,high_peak,heldout_test,pipe_rmse,1,2.1401096749764656,2.1401096749764656,0.0,2.1401096749764656,2.1401096749764656,2.1401096749764656,2.1401096749764656,0.0,0.0,10000,20260928
max_intensity_group,high_peak,heldout_test,pipe_mae,1,0.6397471767302124,0.6397471767302124,0.0,0.6397471767302124,0.6397471767302124,0.6397471767302124,0.6397471767302124,0.0,0.0,10000,20260928
max_intensity_group,high_peak,heldout_test,flood_volume_rmse,1,3.197006978691153,3.197006978691153,0.0,3.197006978691153,3.197006978691153,3.197006978691153,3.197006978691153,0.0,0.0,10000,20260928
max_intensity_group,high_peak,heldout_test,flood_volume_mae,1,0.7802978001211547,0.7802978001211547,0.0,0.7802978001211547,0.7802978001211547,0.7802978001211547,0.7802978001211547,0.0,0.0,10000,20260928
