event,time_steps,node_loss,edge_loss,total_loss,depthN_rmse,depthN_mae,depthN_r2,q_us_rmse,q_us_mae,q_us_r2,q_ds_rmse,q_ds_mae,q_ds_r2,depthL_rmse,depthL_mae,depthL_r2,volumeL_rmse,volumeL_mae,volumeL_r2,flow_vol_rmse,flow_vol_mae,flow_vol_r2
bpswmm_113,779,0.04662172496318817,0.002572109689936042,0.04919383465312421,0.9735469222068787,0.4319266378879547,0.46853346823458963,7.020827293395996,2.771907329559326,0.9870735583215152,7.461164474487305,2.9316375255584717,0.9833708299842735,0.035037361085414886,0.016240624710917473,0.9861096137719916,18.21457290649414,6.712275505065918,0.9910249701285349,6.324901580810547,2.7579100131988525,0.9768352192858902
bpswmm_819,599,0.04021967574954033,0.002109150169417262,0.04232882591895759,0.9015705585479736,0.37979140877723694,0.5321917182999479,6.085937976837158,2.4079978466033936,0.9896779824694644,6.645400047302246,2.5841619968414307,0.9859977835418465,0.03177882358431816,0.015513898804783821,0.9878429500729544,16.497943878173828,6.493898868560791,0.9918342063510666,5.654998779296875,2.418846607208252,0.9808056963308217
bpswmm_1011,719,0.03855425864458084,0.003745117923244834,0.042299376567825675,0.8424673080444336,0.3387790322303772,0.5932410034759099,8.8087158203125,3.2465291023254395,0.9792172396640978,9.825172424316406,3.45574688911438,0.9721016027857902,0.03716490417718887,0.017493506893515587,0.9823701583153964,18.485103607177734,7.20097541809082,0.9895223078080999,8.041016578674316,3.1288812160491943,0.9640398018604115
bpswmm_161,1079,0.0393088199198246,0.0022959180641919374,0.04160473798401654,0.8870173692703247,0.37507015466690063,0.5613344734919646,6.031508445739746,2.490521192550659,0.9893997021011323,6.4606194496154785,2.6885573863983154,0.9861936845676483,0.03419613465666771,0.015666324645280838,0.9840839351165835,17.41339874267578,6.4762959480285645,0.9914570314975664,5.4192986488342285,2.5134613513946533,0.9812740492993288
bpswmm_813,599,0.03830055519938469,0.002097100717946887,0.040397655917331576,0.8809211850166321,0.35358721017837524,0.556221224995012,5.971497535705566,2.303863763809204,0.9898640152115734,6.473869800567627,2.4432783126831055,0.9865116401246009,0.031315285712480545,0.014873788692057133,0.988539700175137,16.229476928710938,6.178083896636963,0.9919856012310053,5.51361083984375,2.324561595916748,0.9817321829726241
bpswmm_1016,719,0.037016794085502625,0.0021027433685958385,0.03911953745409846,0.8622219562530518,0.3413364589214325,0.5671158915644336,5.775084495544434,2.171814203262329,0.99010960984876,6.148209571838379,2.3112666606903076,0.9873097722254234,0.03134852275252342,0.013676389120519161,0.989072511451676,16.030559539794922,5.5253143310546875,0.9922419096553261,5.21034049987793,2.1862380504608154,0.9829246742676743
bpswmm_610,479,0.034352026879787445,0.0024014099035412073,0.03675343678332865,0.825350821018219,0.3423963189125061,0.6075342812740805,5.281746864318848,2.3606982231140137,0.9899933969105448,5.647761821746826,2.5298104286193848,0.9871936223183707,0.036481138318777084,0.017158979550004005,0.9838835809589256,18.08660125732422,6.813662052154541,0.9907309790323339,4.793697357177734,2.3982529640197754,0.9820332491003273
bpswmm_135,899,0.03115747682750225,0.0020487955771386623,0.03320627240464091,0.7897764444351196,0.29949650168418884,0.6232686789132127,6.34225606918335,2.0824689865112305,0.9862352040472279,6.723784923553467,2.1979546546936035,0.9825163722989028,0.029830986633896828,0.013068944215774536,0.9888723009804304,15.57005786895752,5.4484171867370605,0.9917848019337172,5.630116939544678,2.0624022483825684,0.9774949636368365
bpswmm_718,539,0.0292009636759758,0.0029300078749656677,0.03213097155094147,0.7508834600448608,0.2816583514213562,0.6625071152013368,7.642782688140869,2.5083634853363037,0.9780921884820389,8.048487663269043,2.6515660285949707,0.972922431559838,0.03763487562537193,0.017038308084011078,0.9819080125615455,20.052305221557617,7.031136989593506,0.9865843892437474,6.700146198272705,2.4300429821014404,0.9650303322848057
bpswmm_96,659,0.027711134403944016,0.0022849650122225285,0.029996099416166544,0.7450667023658752,0.2661954462528229,0.6591756313446353,6.7267374992370605,1.9576125144958496,0.9828401105064435,7.0226850509643555,2.087625026702881,0.9788898953000679,0.033178579062223434,0.013578408397734165,0.9859430985380395,17.77010154724121,5.566491603851318,0.988772976692645,5.9226179122924805,1.969963550567627,0.9728129443609277
bpswmm_138,899,0.0276480745524168,0.002283194102346897,0.0299312686547637,0.7291455864906311,0.25535598397254944,0.6765997085477087,6.482572555541992,2.073788642883301,0.9846623903700937,7.064510822296143,2.2247097492218018,0.9801027715154126,0.03019116073846817,0.013424264267086983,0.9884164846588696,15.119784355163574,5.393509387969971,0.9919553763035917,5.785993576049805,2.0714235305786133,0.9752094138585516
bpswmm_63,479,0.026449834927916527,0.002368081593886018,0.028817916521802545,0.7137433290481567,0.2854509651660919,0.6866597841307243,6.373819351196289,2.1355509757995605,0.9821899091753311,6.5236992835998535,2.2252895832061768,0.979283846684905,0.03636815771460533,0.01622038520872593,0.9835555992787837,19.083187103271484,6.524362564086914,0.9886708480673367,5.642071723937988,2.116123676300049,0.9702672052823551
bpswmm_726,539,0.025900516659021378,0.0025682926643639803,0.028468809323385358,0.7172451019287109,0.2408556193113327,0.6419128982941628,6.2359395027160645,1.8797942399978638,0.9841432516481813,6.4489336013793945,1.9801517724990845,0.9809722797780466,0.037425972521305084,0.013325336389243603,0.9841240961883966,19.625913619995117,5.385286331176758,0.9857585947826056,5.470728874206543,1.8601412773132324,0.9751078316069366
bpswmm_93,659,0.023873792961239815,0.0019606773275882006,0.025834470288828015,0.6823161840438843,0.2533034086227417,0.7216277344238239,5.149499893188477,1.9485243558883667,0.9872926009584452,5.545178413391113,2.0597634315490723,0.9835767554131135,0.031080126762390137,0.014411103911697865,0.9870775411397625,16.104169845581055,5.884664535522461,0.9914812880778698,4.723273754119873,1.9725563526153564,0.9778441065258546
bpswmm_81,599,0.02380942553281784,0.0016708738403394818,0.025480299373157322,0.6877903342247009,0.24971476197242737,0.7139647031972238,5.3553338050842285,1.896657109260559,0.9869467294588614,5.673835754394531,2.040712594985962,0.9836273767734337,0.02951880544424057,0.014150467701256275,0.9886989810188435,15.450065612792969,5.8331990242004395,0.9920004250040086,4.6826066970825195,1.94638192653656,0.9794061355360846
bpswmm_1014,719,0.021587925031781197,0.0018523643957450986,0.023440289427526295,0.6350973844528198,0.24234320223331451,0.7592152376312106,5.4687113761901855,2.109184503555298,0.9853836916326507,5.810972213745117,2.2642505168914795,0.9818553411631895,0.03200974687933922,0.01548919826745987,0.985422021478985,16.588781356811523,6.550643444061279,0.991148401627379,4.778532981872559,2.105646848678589,0.9765715478845454
bpswmm_822,599,0.0206218920648098,0.0016894015716388822,0.02231129363644868,0.6215361952781677,0.24721907079219818,0.7578768007261344,4.988059043884277,2.0321156978607178,0.9864652866138566,5.490568161010742,2.220430612564087,0.9820217390149261,0.031215034425258636,0.01557309553027153,0.986665971107721,16.005842208862305,6.526674747467041,0.9915916419319108,4.595505714416504,2.0700764656066895,0.9755766553367468
bpswmm_167,1079,0.02071489952504635,0.0015833028592169285,0.022298202384263277,0.6258841753005981,0.24245025217533112,0.7598748032033492,4.810153007507324,2.0086302757263184,0.9874890622605407,5.301327228546143,2.179177761077881,0.9833700737354325,0.029419731348752975,0.014533515088260174,0.9883732016952371,15.475617408752441,6.184661388397217,0.992350398107749,4.360905647277832,2.0395302772521973,0.9783080345672678
bpswmm_914,659,0.020259594544768333,0.001780388643965125,0.02203998318873346,0.6312496662139893,0.21609178185462952,0.7568366578038145,5.552371978759766,1.7283799648284912,0.9837000526228875,5.817413330078125,1.850396990776062,0.980054131837058,0.030547847971320152,0.01364043727517128,0.9873556103016289,15.939674377441406,5.586977005004883,0.9910223064374664,4.954770088195801,1.7486952543258667,0.9736878917015563
bpswmm_245,1559,0.020295163616538048,0.001183627056889236,0.021478790673427284,0.6281571984291077,0.22900591790676117,0.75887109912391,4.16949462890625,1.696903944015503,0.9907802930032439,4.580654621124268,1.837745189666748,0.9877018929946224,0.024633778259158134,0.012392539530992508,0.9916932761787282,12.772265434265137,5.1501569747924805,0.9945078098294516,3.8828582763671875,1.732537031173706,0.9835404167628294
bpswmm_613,479,0.019818753004074097,0.0015005877939984202,0.021319340798072517,0.6180894374847412,0.2349274605512619,0.7412689444290361,4.565263271331787,1.8413017988204956,0.9883470104505443,5.003548622131348,1.9695085287094116,0.9846818492220705,0.028972290456295013,0.014298024587333202,0.9891345095370258,15.093308448791504,5.97127628326416,0.9917986349861169,4.21339750289917,1.8561108112335205,0.9795104189479807
bpswmm_69,479,0.018146971240639687,0.0022681844420731068,0.020415155682712793,0.5883104205131531,0.21328102052211761,0.7869444721463446,4.997879505157471,1.7465183734893799,0.9837860072552533,5.2551164627075195,1.886318564414978,0.9804765941776894,0.03758153319358826,0.015393092297017574,0.9813349485433274,18.67881202697754,5.965417861938477,0.9884367833640914,4.46933650970459,1.8053748607635498,0.9733691380635251
bpswmm_616,479,0.015806231647729874,0.00283899181522429,0.018645223462954164,0.5254773497581482,0.1978340893983841,0.8160822132424523,5.997316837310791,2.1915221214294434,0.9738420588955862,6.496504306793213,2.3911521434783936,0.9667713973401233,0.040779959410429,0.017199870198965073,0.9781702068668884,21.24570083618164,7.2632832527160645,0.9841146952933478,5.325665473937988,2.181093454360962,0.9573644121738191
bpswmm_91,659,0.017106156796216965,0.0010563491377979517,0.018162505934014916,0.5691822171211243,0.22284144163131714,0.7843800936056344,3.4017741680145264,1.590043306350708,0.9924958066318842,3.62648868560791,1.7177311182022095,0.9908374636595438,0.025473471730947495,0.013467845506966114,0.9913576421085416,12.765064239501953,5.414448261260986,0.9943593952545348,3.131268262863159,1.6417417526245117,0.986799909001935
bpswmm_724,539,0.015906797721982002,0.0015430508647114038,0.017449848586693406,0.5522556900978088,0.1944175660610199,0.7937669834482891,4.259897708892822,1.5966027975082397,0.9872471323768893,4.7375102043151855,1.748669981956482,0.9826252381291546,0.030317770317196846,0.013804462738335133,0.9877114918891332,15.437920570373535,5.566955089569092,0.991036791030163,3.8831863403320312,1.6297900676727295,0.9784534385935922
bpswmm_618,479,0.014281757175922394,0.002629726892337203,0.016911484068259597,0.4981445074081421,0.17549850046634674,0.8323121379585704,5.911490440368652,1.7607266902923584,0.9736887754601831,6.107372760772705,1.8635364770889282,0.9694212109624242,0.039239462465047836,0.014640634879469872,0.9793723901668724,20.230684280395508,5.906942367553711,0.9848078618413117,5.1871232986450195,1.7388231754302979,0.9589627907133541
bpswmm_85,599,0.014689319767057896,0.0018912029918283224,0.016580522758886218,0.5210776925086975,0.18803340196609497,0.8188221409197133,5.308682441711426,1.767879605293274,0.9791905738482415,5.692930221557617,1.899942398071289,0.9740960924850156,0.03226396441459656,0.014762001112103462,0.9852872789950344,16.819353103637695,6.07485294342041,0.9892913119576406,4.719302654266357,1.8038630485534668,0.9669685875463863
bpswmm_95,659,0.01456287782639265,0.0013992453459650278,0.01596212317235768,0.5127784013748169,0.1951979547739029,0.8290034338689083,4.196794509887695,1.712196707725525,0.9870984626678626,4.637516498565674,1.8559839725494385,0.9828572391474963,0.028072534129023552,0.013673725537955761,0.9886533292654903,14.780208587646484,5.798136234283447,0.9921782715274944,3.866995334625244,1.7329508066177368,0.9774315507381942
bpswmm_73,539,0.014579917304217815,0.0012672675075009465,0.015847184811718762,0.5272426605224609,0.184038445353508,0.8050833710001712,3.826322317123413,1.4654399156570435,0.9891164388733756,4.214987277984619,1.6098016500473022,0.9856796502787384,0.026843810454010963,0.012564793229103088,0.9903795008896883,14.027154922485352,5.071681499481201,0.9924650197418307,3.503478527069092,1.5300740003585815,0.9816642901418868
bpswmm_715,539,0.01354852132499218,0.002199917333200574,0.015748438658192754,0.4828657805919647,0.1821380853652954,0.8514537990623963,5.3109564781188965,1.9800910949707031,0.9771832388709709,5.8037028312683105,2.143188714981079,0.970361784118035,0.035791341215372086,0.01612068898975849,0.9811031431857656,18.551767349243164,6.7206010818481445,0.9877412300952626,4.766767501831055,1.979736089706421,0.9621996094911511
bpswmm_1611,1079,0.013400239869952202,0.0009573606657795608,0.014357600535731763,0.5002937316894531,0.18471424281597137,0.8419890620743331,3.3459198474884033,1.404452919960022,0.9914545806266527,3.5211923122406006,1.5225142240524292,0.9896968373996603,0.024920612573623657,0.012494152411818504,0.9901956485206533,12.58993148803711,5.201447010040283,0.994090790975485,2.9996001720428467,1.4690123796463013,0.9861120254786303
bpswmm_86,599,0.012473223730921745,0.001655225525610149,0.014128449256531894,0.4691413342952728,0.17633937299251556,0.8605904930901456,4.1171464920043945,1.7275797128677368,0.9853115737922755,4.539317607879639,1.863770842552185,0.9810263237287397,0.0315278023481369,0.015566026791930199,0.9856805417747526,16.20952796936035,6.361815929412842,0.9908392620786237,3.699910879135132,1.7577235698699951,0.9759797469308232
bpswmm_710,539,0.01176063809543848,0.0023654696997255087,0.014126107795163989,0.4333650767803192,0.17486834526062012,0.8794113743275095,5.221240997314453,2.0373287200927734,0.9745746581473752,5.665505886077881,2.222146511077881,0.9679774271997772,0.037576038390398026,0.016906188800930977,0.978129110507743,19.640544891357422,7.178465366363525,0.9862437049127262,4.612057209014893,2.0285816192626953,0.9590413164299929
bpswmm_114,779,0.012671432457864285,0.0012256309855729342,0.013897063443437219,0.48921024799346924,0.17281924188137054,0.8266035831938099,3.907727003097534,1.3321741819381714,0.987128946877723,4.163466453552246,1.4454476833343506,0.9842785653651414,0.02664945088326931,0.01264355517923832,0.9900086304814807,13.433473587036133,4.942508220672607,0.9927408849148286,3.4937009811401367,1.3934203386306763,0.9795320015725079
bpswmm_911,659,0.012710570357739925,0.0010858497116714716,0.013796420069411397,0.4927753508090973,0.17548112571239471,0.8281805705202803,3.5755317211151123,1.3595815896987915,0.9891111228989358,3.8779215812683105,1.46321702003479,0.9861514671791397,0.026373133063316345,0.012632429599761963,0.9899167462043322,13.097113609313965,5.06806755065918,0.9930088382596199,3.2094759941101074,1.4045498371124268,0.9825239397613716
bpswmm_165,1079,0.01244261208921671,0.0011803122470155358,0.013622924336232245,0.49678564071655273,0.15917399525642395,0.8197670177191649,3.8364100456237793,1.2594889402389526,0.9878784222320748,4.10285758972168,1.3473072052001953,0.9846437721063948,0.02536306157708168,0.013457175344228745,0.9898356353765521,13.36943531036377,5.544311046600342,0.9914025571371975,3.453603506088257,1.3523327112197876,0.9806098031732842
bpswmm_811,599,0.012157242745161057,0.0014123176224529743,0.01356956036761403,0.4594360291957855,0.17567956447601318,0.8674093052972407,3.6142547130584717,1.532280683517456,0.9891616206094334,3.8849446773529053,1.6682900190353394,0.9867465544019265,0.030234800651669502,0.014204205945134163,0.9865949798181123,15.240286827087402,5.792213439941406,0.9919807398440816,3.3054487705230713,1.5798099040985107,0.9815819763421771
bpswmm_72,539,0.011561419814825058,0.0015220863278955221,0.01308350614272058,0.4502120018005371,0.16582034528255463,0.8614654201848536,3.871295213699341,1.5694658756256104,0.9860830465994284,4.213407039642334,1.6848094463348389,0.9823902335432482,0.030706899240612984,0.014187918975949287,0.9869663377712392,15.714701652526855,5.685506820678711,0.9907693373101563,3.514807939529419,1.5874578952789307,0.976824915677032
bpswmm_98,659,0.011810582131147385,0.001158840605057776,0.01296942273620516,0.45779672265052795,0.16877636313438416,0.8551867097351523,3.4380252361297607,1.4265755414962769,0.9896448942225659,3.764033555984497,1.561400294303894,0.9866520936657402,0.026597468182444572,0.012475904077291489,0.9902237347934368,13.689355850219727,5.135851860046387,0.9929258210503652,3.1506597995758057,1.464784860610962,0.9823737229582312
bpswmm_1017,719,0.011263190768659115,0.001285322243347764,0.012548513012006879,0.4636518061161041,0.1484290361404419,0.856905807701888,3.990483045578003,1.2921701669692993,0.9847808359819035,4.347507476806641,1.410843014717102,0.9802792186135793,0.0266106016933918,0.012580406852066517,0.9893763431382632,14.00039005279541,5.164386749267578,0.9918835584189707,3.548038959503174,1.3774617910385132,0.9763102776765066
bpswmm_818,599,0.010409755632281303,0.0015834736404940486,0.011993229272775352,0.4015999436378479,0.17185302078723907,0.8968619268856178,3.749882936477661,1.6594626903533936,0.9867690314822793,4.059052467346191,1.8020601272583008,0.9837133191006548,0.03244714438915253,0.015403617173433304,0.9835724892819966,16.612184524536133,6.443151950836182,0.9904193348645116,3.3653385639190674,1.675075888633728,0.9778529442066219
bpswmm_1110,779,0.01034749299287796,0.0016212763730436563,0.011968769365921617,0.419343501329422,0.1554865688085556,0.8890555342248283,4.180452346801758,1.498007893562317,0.9816217696374723,4.462386131286621,1.6356055736541748,0.9774310405991131,0.03126436844468117,0.013420973904430866,0.9846966729131139,15.82868766784668,5.41776180267334,0.9908104905620825,3.7341055870056152,1.54045832157135,0.970473339432547
bpswmm_611,479,0.010117409750819206,0.0014215575065463781,0.011538967257365584,0.4147771894931793,0.162013441324234,0.8790500640084162,4.132518291473389,1.6260037422180176,0.9814106226866627,4.575565814971924,1.7619969844818115,0.975306196027706,0.0285172201693058,0.014023941941559315,0.9873137662195571,15.024185180664062,5.921867370605469,0.9906880631964823,3.7133636474609375,1.6269938945770264,0.9697448515940311
bpswmm_131,899,0.010137984529137611,0.001300792908295989,0.0114387774374336,0.4121651351451874,0.16167515516281128,0.8863237800328256,3.689898729324341,1.6021806001663208,0.9865559707848433,4.100964546203613,1.7485642433166504,0.982392922292204,0.028061138466000557,0.014136062934994698,0.9881661947360318,14.850010871887207,6.039405345916748,0.9915950967628211,3.33677339553833,1.6341084241867065,0.9778490704125349
bpswmm_814,599,0.009706215932965279,0.0014127347385510802,0.011118950671516359,0.39013972878456116,0.15905599296092987,0.8973504877080504,3.534945487976074,1.5853298902511597,0.9876947898962805,3.860710859298706,1.7144149541854858,0.9845904865832729,0.030060522258281708,0.014292636886239052,0.9868866876560853,15.613344192504883,6.029087543487549,0.991059068337641,3.1754958629608154,1.5872139930725098,0.979763279451387
bpswmm_76,539,0.009744483977556229,0.001117937732487917,0.010862421710044146,0.406345009803772,0.1575460582971573,0.8790906769107413,3.4334123134613037,1.4171905517578125,0.988110154997474,3.7693190574645996,1.5253881216049194,0.9850067086910033,0.026827339082956314,0.013054434210062027,0.9897512349496155,14.276848793029785,5.613409042358398,0.9918291802520687,3.074707508087158,1.412278413772583,0.9810806077970533
bpswmm_614,479,0.009211692027747631,0.001271983957849443,0.010483675985597074,0.400206059217453,0.14727993309497833,0.8776325654220289,3.7119414806365967,1.40827214717865,0.9837018641563494,4.142428398132324,1.5242856740951538,0.9782057371183184,0.027793917804956436,0.012816698290407658,0.9882522990719714,14.476893424987793,5.304218292236328,0.9906349039645668,3.371664047241211,1.4243543148040771,0.9734325720765639
bpswmm_723,539,0.008827452547848225,0.0012527157086879015,0.010080168256536126,0.3641063868999481,0.15508733689785004,0.9138842114007044,3.1918861865997314,1.498402714729309,0.9896256481942901,3.448054552078247,1.6323598623275757,0.9875217863513406,0.02883780747652054,0.014348507858812809,0.9870914788971528,15.218581199645996,6.096084117889404,0.9916403898420459,2.8758275508880615,1.5100598335266113,0.9830040694315206
bpswmm_717,539,0.008708829060196877,0.0011416793568059802,0.009850508417002857,0.3872799873352051,0.1425125151872635,0.8859331753266363,3.6545417308807373,1.3030284643173218,0.9840068366435563,3.9983794689178467,1.4070234298706055,0.9795150920329568,0.026574328541755676,0.012372057884931564,0.9892215726313008,13.658766746520996,5.10693883895874,0.9916213208990465,3.2658700942993164,1.3125102519989014,0.9748169392599294
bpswmm_248,1559,0.008571174927055836,0.0012141575571149588,0.009785332484170794,0.36942175030708313,0.15399613976478577,0.9095093737147276,3.8492746353149414,1.5646660327911377,0.9820748199365575,4.27467679977417,1.7042932510375977,0.9763165365294757,0.026160193607211113,0.013396702706813812,0.9883242072658401,14.113944053649902,5.768467426300049,0.9920598945942234,3.417588472366333,1.5879884958267212,0.9714479884904058
bpswmm_249,1559,0.008911985903978348,0.0008501207921653986,0.009762106696143746,0.3859368562698364,0.15124814212322235,0.9027993499965701,2.8085274696350098,1.320077896118164,0.9916307471852933,3.057617664337158,1.4515860080718994,0.9895509465994647,0.024043984711170197,0.012114846147596836,0.9910051623938884,12.023773193359375,5.067126274108887,0.9946061708271501,2.5759410858154297,1.3760560750961304,0.9858894425671533
bpswmm_1013,719,0.008221275173127651,0.0014410247094929218,0.009662299882620573,0.36553066968917847,0.13469640910625458,0.9148983454968516,3.727276086807251,1.336682915687561,0.9830271773355241,3.968712091445923,1.4625599384307861,0.9796361475326661,0.030165739357471466,0.013222673907876015,0.9858955890482812,15.385475158691406,5.397110939025879,0.9910837398035703,3.327145576477051,1.3895014524459839,0.9733501766837596
bpswmm_1111,779,0.008228393271565437,0.0013481524074450135,0.00957654567901045,0.3794339895248413,0.12225139886140823,0.8948177384744195,4.550009250640869,1.4070216417312622,0.9730120629689878,4.910284996032715,1.523639440536499,0.9656985723439516,0.026347918435931206,0.011946049518883228,0.9889635343704734,14.086227416992188,4.946171760559082,0.9909536766357875,4.0149335861206055,1.4170804023742676,0.9588594662401206
bpswmm_83,599,0.007777267135679722,0.0015231688739731908,0.009300436009652913,0.3572048842906952,0.1313398778438568,0.9145222864607018,4.095363616943359,1.4516443014144897,0.9760873737998349,4.494726181030273,1.5624043941497803,0.9692701761149455,0.029439611360430717,0.013600045815110207,0.9861252149501522,15.382225036621094,5.541801452636719,0.9903931803819642,3.632438898086548,1.463353157043457,0.9632439200476589
bpswmm_1010,719,0.008241950534284115,0.0010579529916867614,0.009299903525970876,0.3673684597015381,0.14566799998283386,0.9099431991237239,3.2119593620300293,1.4020519256591797,0.9862109621933046,3.510944128036499,1.525661826133728,0.9822855515716361,0.024811672046780586,0.012513152323663235,0.9899426565030512,12.669147491455078,5.109767913818359,0.9936443022442234,2.9102485179901123,1.4405566453933716,0.9772323791236788
bpswmm_810,599,0.00800850335508585,0.0011678850278258324,0.009176388382911682,0.37201666831970215,0.1310352385044098,0.9092287037193068,3.166651964187622,1.2612848281860352,0.9869412598887995,3.499378204345703,1.392727017402649,0.9831633087232875,0.027237223461270332,0.012505335733294487,0.9883703572421849,13.983774185180664,5.087710380554199,0.9922602792827123,2.940195083618164,1.3351422548294067,0.9781025150576523
bpswmm_915,659,0.008047313429415226,0.0010512080043554306,0.009098521433770657,0.38370296359062195,0.11401748657226562,0.8714854750891405,3.4024550914764404,1.080959439277649,0.9854570392585351,3.776262044906616,1.1886359453201294,0.9806749134455192,0.02495795674622059,0.010210602544248104,0.9903003219497726,12.972861289978027,4.093514919281006,0.9914330365591216,3.1218128204345703,1.1159523725509644,0.9762890486108791
bpswmm_1012,719,0.008105762302875519,0.0008579001296311617,0.00896366243250668,0.351397305727005,0.14417946338653564,0.9125596022432512,2.8413150310516357,1.3241257667541504,0.9915265989326592,3.077472448348999,1.4458266496658325,0.9897638085028851,0.023956971243023872,0.012060387060046196,0.9916797508328257,13.016303062438965,5.26017427444458,0.9934079465216201,2.5198702812194824,1.3265637159347534,0.9867107846473707
bpswmm_107,719,0.007574675139039755,0.0009297002106904984,0.008504375349730253,0.36798542737960815,0.12464861571788788,0.9051145749922922,3.107151746749878,1.155498743057251,0.9870616485572429,3.3866987228393555,1.2595164775848389,0.9835523681096344,0.023200443014502525,0.011479441076517105,0.9914309564891649,11.99885082244873,4.683687686920166,0.9937342875923935,2.807236909866333,1.2271413803100586,0.9795605404862232
bpswmm_711,539,0.007088551763445139,0.0011067769955843687,0.008195328759029508,0.35025671124458313,0.11641670763492584,0.898517611587862,3.3893866539001465,1.150964379310608,0.98414452487071,3.6776483058929443,1.2317614555358887,0.9803174023591721,0.026324713602662086,0.011421296745538712,0.989453762835153,13.792037010192871,4.719701766967773,0.9909053883783973,2.999680757522583,1.1769307851791382,0.9761168812423578
bpswmm_1311,899,0.007029533386230469,0.0008334261365234852,0.007862959522753954,0.3257174491882324,0.13100525736808777,0.9265834169107581,2.7729203701019287,1.1958591938018799,0.9903143308132228,3.0208330154418945,1.3081029653549194,0.9879807017032234,0.023308688774704933,0.011365208774805069,0.9918213977027951,12.163305282592773,4.731818199157715,0.9941325049466377,2.5044965744018555,1.2285499572753906,0.9843259414060026
bpswmm_166,1079,0.006976899690926075,0.0007235434604808688,0.007700443151406944,0.3364052474498749,0.13098841905593872,0.9188473294989987,2.510233163833618,1.111407995223999,0.9915980271869855,2.71213698387146,1.2089273929595947,0.9897714722497849,0.02154274843633175,0.010940279811620712,0.9928099057495371,11.33366870880127,4.56269645690918,0.9945380941102693,2.2972378730773926,1.1516804695129395,0.9862686994681925
bpswmm_78,539,0.0065424744971096516,0.0011297182645648718,0.007672192761674523,0.33447226881980896,0.11361473053693771,0.9238320285971611,3.1535656452178955,1.2054203748703003,0.9848814082806652,3.465705394744873,1.2969378232955933,0.9808068537330389,0.02691963128745556,0.012927640229463577,0.9886893481307809,14.195438385009766,5.338582992553711,0.9914917952695729,2.827378749847412,1.252529263496399,0.9767504052512728
bpswmm_117,779,0.006614911835640669,0.0009646667749620974,0.007579578610602766,0.2923566997051239,0.1383366882801056,0.9424465283711221,2.7825050354003906,1.3369708061218262,0.9897832540165082,3.076558828353882,1.4653236865997314,0.9870706145577636,0.024830633774399757,0.012671039439737797,0.9902321344813558,13.164938926696777,5.3848066329956055,0.9933659307692978,2.522179126739502,1.3484858274459839,0.9830091704377484
bpswmm_116,779,0.006730661727488041,0.0007354456465691328,0.007466107374057174,0.33129817247390747,0.13200591504573822,0.9196541506712804,2.426816701889038,1.1136448383331299,0.9920974063090244,2.66496205329895,1.2106839418411255,0.9900381159549515,0.0225503109395504,0.01121215708553791,0.9918143360069879,11.482906341552734,4.7578325271606445,0.9942455553117832,2.2047617435455322,1.1663463115692139,0.987291269467148
bpswmm_99,659,0.006192872300744057,0.0011318085016682744,0.007324680802412331,0.29732754826545715,0.11955954134464264,0.9392829659463651,3.1415889263153076,1.315703272819519,0.9857020981498861,3.4071898460388184,1.426091194152832,0.9826054446222642,0.0267284344881773,0.012220910750329494,0.9889548015387908,14.037163734436035,5.132233619689941,0.9919940225573535,2.797506093978882,1.323392629623413,0.9779345853228792
bpswmm_1610,1079,0.0064499457366764545,0.0007855486473999918,0.007235494384076446,0.31690964102745056,0.1343638151884079,0.9310987626059672,2.808366298675537,1.1887212991714478,0.9875576538738629,3.0489656925201416,1.2871265411376953,0.984324021167588,0.021517189219594002,0.011321485042572021,0.9919182467746138,11.238591194152832,4.695892810821533,0.9945764586586187,2.5430262088775635,1.241480827331543,0.9797870387973372
bpswmm_87,599,0.006145288236439228,0.0009675512555986643,0.007112839492037892,0.31337395310401917,0.12831595540046692,0.9306942227976183,2.6366891860961914,1.2104451656341553,0.9894766592097329,2.9250752925872803,1.318374752998352,0.9866096386978117,0.02686537615954876,0.01348187681287527,0.9874994063108683,13.886061668395996,5.709437370300293,0.991240513077696,2.351266860961914,1.2452136278152466,0.9839143042376913
bpswmm_106,719,0.006227494683116674,0.000681762583553791,0.0069092572666704655,0.30790919065475464,0.12980946898460388,0.9341409043866371,2.277503490447998,1.1219497919082642,0.992759804469602,2.4560422897338867,1.2247695922851562,0.9912796880319906,0.022528085857629776,0.011313783004879951,0.9915324602259996,11.598904609680176,4.821974754333496,0.9943282302752472,2.0415127277374268,1.1567387580871582,0.9886363678737631
bpswmm_112,779,0.005501720122992992,0.0011129891499876976,0.00661470927298069,0.2875884473323822,0.11331529915332794,0.944224965285685,3.313636541366577,1.2942103147506714,0.9806276791957543,3.6784520149230957,1.389126181602478,0.9749820334955206,0.025758225470781326,0.01231399830430746,0.9888855878698387,13.730093955993652,5.2536234855651855,0.9920611286060712,2.91043758392334,1.308272123336792,0.9712570091166118
bpswmm_84,599,0.005774893332272768,0.0008281785994768143,0.006603071931749582,0.29080453515052795,0.11538177728652954,0.9338797761495885,2.7644755840301514,1.1434606313705444,0.9891343300185919,2.9926764965057373,1.226701259613037,0.9868663476251616,0.022958021610975266,0.011250238865613937,0.9918759275751291,12.287330627441406,4.67106294631958,0.993154235239515,2.441019058227539,1.1448967456817627,0.9837082138795954
bpswmm_722,539,0.005260809324681759,0.0009592475835233927,0.0062200569082051516,0.2636275291442871,0.1197231188416481,0.9484377277444325,2.7177321910858154,1.2610065937042236,0.9869552548171546,2.999523401260376,1.3655846118927002,0.9835073276399454,0.024485131725668907,0.012141522020101547,0.9903211685208297,13.046623229980469,5.140173435211182,0.9924803108284519,2.4238381385803223,1.257950782775879,0.9797912202871043
bpswmm_913,659,0.005030774977058172,0.0008938850369304419,0.005924660013988614,0.2692955732345581,0.11001624912023544,0.9514359936046307,2.4382541179656982,1.0806827545166016,0.9891434615516207,2.6779074668884277,1.1853744983673096,0.9862976940395337,0.024608733132481575,0.011784614995121956,0.9899578403158077,12.575854301452637,4.787567615509033,0.9934462056639595,2.262864112854004,1.14024817943573,0.9819424311576191
bpswmm_712,539,0.004933633375912905,0.0009578642784617841,0.005891497654374689,0.26764976978302,0.10644951462745667,0.9511537321705419,2.497723340988159,1.0828813314437866,0.9885057272845732,2.7071001529693604,1.1820751428604126,0.9859810609101787,0.025199497118592262,0.011786007322371006,0.9895275510386532,13.05775260925293,4.803722381591797,0.9927399655070653,2.295294761657715,1.1341923475265503,0.981445744952236
bpswmm_101,719,0.005091686733067036,0.0007824412896297872,0.005874128022696823,0.2730907201766968,0.11357256025075912,0.9431994828965015,2.359076976776123,1.0814638137817383,0.9899236557069534,2.580270767211914,1.1662917137145996,0.9874138914748434,0.023770852014422417,0.011269363574683666,0.9908090145410489,11.959763526916504,4.671175479888916,0.993430433106311,2.1269798278808594,1.0937236547470093,0.9841976456619711
bpswmm_1310,899,0.004900656640529633,0.0009284835541620851,0.005829140194691718,0.28535643219947815,0.11483218520879745,0.9321447489137229,2.633584499359131,1.0811421871185303,0.9862307553147764,2.921201467514038,1.1715384721755981,0.9823341046958012,0.02564229443669319,0.012941718101501465,0.9878116229808481,13.333792686462402,5.447627544403076,0.9899693397265279,2.3715105056762695,1.1363723278045654,0.9789144760873761
bpswmm_136,899,0.00458521256223321,0.0011239188024774194,0.005709131364710629,0.2747054398059845,0.09133676439523697,0.9437604054314948,3.618710517883301,1.092602252960205,0.9670484440036187,3.930053472518921,1.1901990175247192,0.9581924965996034,0.02477363310754299,0.011392018757760525,0.9892926412448062,13.17835521697998,4.700239658355713,0.9913643874127069,3.2061781883239746,1.147608757019043,0.9509316841577306
bpswmm_823,599,0.004791107960045338,0.0007503824890591204,0.005541490449104458,0.2515079975128174,0.11619915068149567,0.9554165373272512,2.3420000076293945,1.1115905046463013,0.9898860584291195,2.546342134475708,1.214537262916565,0.9874996751379479,0.022221773862838745,0.011372007429599762,0.991586235696051,11.59406566619873,4.749232769012451,0.9941282243777497,2.111156463623047,1.1512342691421509,0.9839691533438617
bpswmm_111,779,0.004525415133684874,0.0007377482252195477,0.005263163358904421,0.269898921251297,0.09324687719345093,0.9459961556850605,2.3746907711029053,0.926735520362854,0.9878149457371282,2.5878825187683105,1.005581259727478,0.984758523099931,0.022079210728406906,0.009969164617359638,0.9921429657949109,11.478690147399902,4.071867942810059,0.9938679509035268,2.1739706993103027,0.9793444871902466,0.9805911499629854
bpswmm_817,599,0.003986186347901821,0.0009973733685910702,0.004983559716492891,0.21460027992725372,0.10471934080123901,0.9684808001714876,2.63262939453125,1.1129521131515503,0.9828021499340988,2.8962113857269287,1.213122844696045,0.9782851215669415,0.025016486644744873,0.011884569190442562,0.9891139503613328,12.848934173583984,4.7682671546936035,0.992905350590049,2.4053566455841064,1.1460305452346802,0.9722589913824239
bpswmm_103,719,0.003989002201706171,0.0008376550977118313,0.004826657299418002,0.2139715701341629,0.10921461135149002,0.9679879178027095,2.6021056175231934,1.177242636680603,0.9827175898320171,2.8776485919952393,1.2846577167510986,0.977670044057877,0.022003907710313797,0.011359812691807747,0.991413577127309,11.630813598632812,4.711284637451172,0.9940369429838736,2.348452091217041,1.204020380973816,0.9725046590252491
bpswmm_94,659,0.004044749308377504,0.0007553763571195304,0.004800125665497035,0.22701838612556458,0.10730034112930298,0.964824273655088,2.138998508453369,1.0395334959030151,0.9895527074942172,2.3225886821746826,1.1417853832244873,0.9873034246134964,0.022230328992009163,0.01148171816021204,0.991511120288505,11.602567672729492,4.763983726501465,0.9942698788527504,1.961495041847229,1.082940697669983,0.9832542534945262
bpswmm_168,1079,0.004092022310942411,0.0006645536050200462,0.004756575915962458,0.2573254108428955,0.10584832727909088,0.9362597744151114,1.9480668306350708,0.9148985147476196,0.9920399873291745,2.1152570247650146,1.0030001401901245,0.9903682290883999,0.020834052935242653,0.012359808199107647,0.9914862069668218,10.219887733459473,4.772583484649658,0.9934805616181631,1.7423162460327148,0.9532667398452759,0.9881325176034632
bpswmm_119,779,0.0036364991683512926,0.0010025278897956014,0.004639027058146894,0.21152298152446747,0.09452435374259949,0.9700763651613985,2.8431360721588135,1.1174284219741821,0.9773970023889509,3.105743169784546,1.2333496809005737,0.9717785010371016,0.024847762659192085,0.011597239412367344,0.9891643346138705,12.722164154052734,4.69286584854126,0.9930412080822365,2.5607547760009766,1.1618876457214355,0.9651051764591119
bpswmm_716,539,0.003692059312015772,0.0008855030755512416,0.0045775623875670135,0.21235473453998566,0.10096703469753265,0.963868893891726,2.7397944927215576,1.1587687730789185,0.9798075554249505,3.081599473953247,1.2408127784729004,0.9734530324680598,0.023003986105322838,0.011584224179387093,0.9907899646219228,12.3193359375,4.867630958557129,0.9923131235945877,2.413470983505249,1.148115873336792,0.9703478981535678
bpswmm_134,899,0.0037846516352146864,0.0007928414852358401,0.0045774931204505265,0.21066373586654663,0.11133255809545517,0.9685137175729773,2.528221845626831,1.1761232614517212,0.9837890424777461,2.835413932800293,1.2684952020645142,0.9786315529601091,0.02194996178150177,0.01187310554087162,0.9910245562828836,11.752622604370117,5.011795997619629,0.993445281007826,2.249580144882202,1.2026878595352173,0.9752623424774144
bpswmm_243,1559,0.003966179210692644,0.0006107788649387658,0.00457695807563141,0.21335844695568085,0.1112247109413147,0.9703193429566853,2.08504056930542,1.0772638320922852,0.9889570650195897,2.287944793701172,1.195552945137024,0.9858054019217658,0.019019609317183495,0.010150281712412834,0.993177173136991,9.729158401489258,4.1937079429626465,0.996097185471625,1.9275869131088257,1.1397490501403809,0.9812158429910333
bpswmm_163,1079,0.0037260246463119984,0.000741251336876303,0.004467275983188301,0.2068021595478058,0.1028040274977684,0.9719988331458521,2.172210454940796,1.0361900329589844,0.9878136075713909,2.392226219177246,1.1483429670333862,0.9844910017457845,0.021582435816526413,0.010985455475747585,0.9917062269901078,11.053426742553711,4.501955032348633,0.9949192218447537,2.0164101123809814,1.1007317304611206,0.9796445866485359
bpswmm_820,599,0.003712144447490573,0.000673479400575161,0.004385623848065734,0.20267179608345032,0.10685912519693375,0.9713148247456395,1.9171698093414307,0.967436671257019,0.9913653674188825,2.062748670578003,1.053404688835144,0.989582620551492,0.021392246708273888,0.010937749408185482,0.9920419487582656,10.70376968383789,4.379849433898926,0.9949460808335859,1.7858182191848755,1.0151687860488892,0.9854935035172548
bpswmm_92,659,0.0036308038979768753,0.0006928546354174614,0.004323658533394337,0.20120882987976074,0.10745401680469513,0.9716424467560885,2.057729721069336,1.0313338041305542,0.9889727694071621,2.269940137863159,1.1279141902923584,0.9859677695012988,0.021491121500730515,0.011232319287955761,0.9917735974846436,10.845961570739746,4.585156440734863,0.994757098899734,1.888607382774353,1.071267008781433,0.981988393572613
bpswmm_2412,1559,0.003613603999838233,0.0007080957875587046,0.004321699787396938,0.22831766307353973,0.09318314492702484,0.9661448441064089,2.237987756729126,0.9806634783744812,0.9831796595235524,2.4516990184783936,1.0935883522033691,0.9782011864076653,0.02018575929105282,0.010031177662312984,0.9926384333276765,10.087577819824219,4.028753757476807,0.9956247803164258,2.0914113521575928,1.0672847032546997,0.9717707627547186
bpswmm_66,479,0.0034211603924632072,0.0007123905816115439,0.004133550974074751,0.197919562458992,0.10184566676616669,0.968456703269551,1.9533426761627197,0.965386152267456,0.9888339610811501,2.115391492843628,1.0419375896453857,0.9861809548214411,0.02209484949707985,0.010783223435282707,0.9914654610386624,11.181914329528809,4.3527936935424805,0.993597290095405,1.7915505170822144,0.9789847731590271,0.9819206071234033
bpswmm_64,479,0.002992811379954219,0.0007741577574051917,0.0037669691373594105,0.1977967917919159,0.08795198798179626,0.9705641320872852,2.1765987873077393,0.9182085394859314,0.9847219507009246,2.353588104248047,0.9847286343574524,0.9816747643352666,0.022140270099043846,0.011098591610789299,0.9913141920812928,11.616585731506348,4.524155616760254,0.9932391766302467,1.9637722969055176,0.9590973854064941,0.9771154144103037
bpswmm_74,539,0.0030136231798678637,0.0006085184868425131,0.0036221416667103767,0.18491396307945251,0.09292266517877579,0.9719322148801554,1.769567608833313,0.8314505219459534,0.9901692991038196,1.9244970083236694,0.9051793217658997,0.9878009231634405,0.020341530442237854,0.009943426586687565,0.992770582668613,10.339044570922852,3.9825987815856934,0.9943642271702354,1.635446310043335,0.8642017245292664,0.984054153264551
bpswmm_615,479,0.002937194425612688,0.0006324898567982018,0.00356968428241089,0.18942275643348694,0.09156975895166397,0.9709012257576757,1.8482029438018799,0.8482221364974976,0.9886467693462687,1.9871095418930054,0.9139379262924194,0.9863386803165889,0.020827431231737137,0.010063768364489079,0.9922162806339423,10.615706443786621,4.061995983123779,0.9939962575238727,1.6862343549728394,0.8794090151786804,0.9823099849407197
bpswmm_1312,899,0.003013685578480363,0.0005472624325193465,0.0035609480109997094,0.17493626475334167,0.09939206391572952,0.9772017544428647,1.9080091714859009,0.9677151441574097,0.987548690844626,2.1035451889038086,1.0553725957870483,0.9837205533741654,0.018250253051519394,0.009318988770246506,0.9940750675310159,9.241822242736816,3.8530428409576416,0.9958731934767716,1.7318516969680786,0.9944232106208801,0.9800132243097335
bpswmm_61,479,0.0026521175168454647,0.0008993629016913474,0.003551480418536812,0.18389783799648285,0.08380242437124252,0.9754309204035255,2.2678115367889404,0.9258673191070557,0.9678610636926216,2.4775612354278564,1.0011353492736816,0.9592985403440829,0.023955771699547768,0.010849867947399616,0.9895095298639744,12.174367904663086,4.2772932052612305,0.9926488295928413,2.1114273071289062,0.9804412722587585,0.948402208291929
bpswmm_88,599,0.0028560548089444637,0.0005726538365706801,0.003428708645515144,0.1799967736005783,0.09869043529033661,0.9762351921216147,1.844718337059021,0.9532989859580994,0.9843295554744994,1.9581191539764404,1.0307449102401733,0.9807327642170003,0.019268523901700974,0.009854499250650406,0.9930564191377792,9.847112655639648,4.028078556060791,0.9952046051985889,1.6701128482818604,0.9881376028060913,0.9751453790090351
bpswmm_247,1559,0.002830758225172758,0.000534261460416019,0.003365019685588777,0.17155838012695312,0.09852301329374313,0.980084680735741,1.949004054069519,0.9902217388153076,0.9842420574221885,2.16860032081604,1.0911580324172974,0.9791061009980423,0.017623435705900192,0.009850379079580307,0.9940122436399801,9.24336051940918,4.116085529327393,0.9961429392761827,1.7905395030975342,1.0580389499664307,0.9741587713938454
bpswmm_816,599,0.002734858077019453,0.0006103122141212225,0.0033451702911406755,0.1740197092294693,0.0928078293800354,0.97800454542854,1.818692684173584,0.896686315536499,0.9863135587029559,1.9746770858764648,0.9691442847251892,0.9827409478071208,0.020037781447172165,0.010140380822122097,0.9926631196859088,10.220370292663574,4.107788562774658,0.9949138299604694,1.663591980934143,0.9414840340614319,0.9781341987019972
bpswmm_162,1079,0.002757716691121459,0.0005869980668649077,0.0033447147579863667,0.1762797087430954,0.09413260221481323,0.9765111721726841,1.9115532636642456,0.9316834211349487,0.986891967839493,2.132911443710327,1.025496244430542,0.9828010026786551,0.019813749939203262,0.010346798226237297,0.9927751887654869,9.603943824768066,4.193169116973877,0.9953878867982073,1.7403123378753662,0.9684562087059021,0.9794089269066962
bpswmm_241,1559,0.002557621570304036,0.0006182746146805584,0.0031758961849845946,0.16425557434558868,0.08280830830335617,0.9822696375467307,1.925048828125,0.9407950043678284,0.986029376069025,2.1280925273895264,1.0401852130889893,0.9821109120683773,0.020033469423651695,0.01145557314157486,0.9928711491808168,10.153783798217773,4.5172882080078125,0.9954860935543351,1.7578421831130981,1.0114214420318604,0.9780661197612747
bpswmm_242,1559,0.002620075363665819,0.0005135990213602781,0.0031336743850260973,0.1747026890516281,0.08862587809562683,0.9796051645617838,1.7349741458892822,0.8790940642356873,0.9876328638762455,1.8689954280853271,0.9761662483215332,0.9848861680614468,0.01758253574371338,0.00941447913646698,0.9942682129926601,8.851949691772461,3.821495532989502,0.9964980247662919,1.5956100225448608,0.9471177458763123,0.9802257935954116
bpswmm_910,659,0.0024929456412792206,0.0005325325764715672,0.0030254782177507877,0.1722516268491745,0.09173938632011414,0.9769633153273131,1.6716116666793823,0.8435488343238831,0.9871950366628163,1.8134859800338745,0.914736270904541,0.9838880110860714,0.01886712945997715,0.009825628250837326,0.9932133646317498,9.460311889648438,4.03078031539917,0.9951671075584695,1.5302683115005493,0.8981900811195374,0.9797722414720634
bpswmm_75,539,0.0024716074112802744,0.0005357784684747458,0.00300738587975502,0.17672806978225708,0.08740872144699097,0.9750026815914845,1.6812242269515991,0.7967251539230347,0.9865467436370775,1.7921390533447266,0.8545248508453369,0.9838532364836112,0.01927456259727478,0.009449616074562073,0.9929828352163429,9.814388275146484,3.8770744800567627,0.9946912231825584,1.5262707471847534,0.8381699323654175,0.9793377401196992
bpswmm_169,1079,0.0023605378810316324,0.0006116208387538791,0.0029721587197855115,0.15685173869132996,0.0875735729932785,0.9834055187669309,1.9557991027832031,0.9442297220230103,0.9719974577981083,2.1223347187042236,1.04310941696167,0.9636199266818218,0.018856937065720558,0.009634961374104023,0.9932259394736433,9.518341064453125,3.882159948348999,0.9958847460721348,1.8305211067199707,1.0169166326522827,0.9525721780858964
bpswmm_244,1559,0.0024257958866655827,0.00047548586735501885,0.0029012817540206015,0.15389838814735413,0.08956113457679749,0.9843045185862448,1.6635160446166992,0.8894924521446228,0.9862423901805192,1.800721526145935,0.9925517439842224,0.9826044133570453,0.01685526594519615,0.009328121319413185,0.9945844659474395,8.51055908203125,3.7617111206054688,0.9968154327667645,1.56434965133667,0.961847722530365,0.9764338981755875
bpswmm_2410,1559,0.0021764873526990414,0.0004696156829595566,0.002646103035658598,0.14555253088474274,0.08645226806402206,0.9858273324682961,1.6848152875900269,0.8977540731430054,0.9797554998741258,1.808526873588562,0.9927545785903931,0.9741170798592966,0.01633785106241703,0.009123539552092552,0.9948879590017798,8.21218204498291,3.7364420890808105,0.9969424326737644,1.5716372728347778,0.9775705933570862,0.9658278292794519
bpswmm_62,479,0.0020131648052483797,0.0006155590526759624,0.002628723857924342,0.1822476089000702,0.0881158635020256,0.9666408733258894,1.491302251815796,0.7280774116516113,0.9719127235000699,1.5445644855499268,0.7742952108383179,0.9671565213442861,0.02065209113061428,0.010843919590115547,0.9896319947887493,9.997750282287598,4.314220905303955,0.9918288988777214,1.3607276678085327,0.7920750379562378,0.9574279601258047
bpswmm_2413,1559,0.0021217025350779295,0.00048266095109283924,0.0026043634861707687,0.14658743143081665,0.084197498857975,0.9855653057612792,1.6725419759750366,0.868485152721405,0.9811295142961068,1.8103636503219604,0.964633584022522,0.9758330289407787,0.01682867854833603,0.009238768368959427,0.9946016341034094,8.366371154785156,3.7522008419036865,0.9967794325654373,1.5516281127929688,0.9465919137001038,0.9689477231943829
bpswmm_812,599,0.00195947103202343,0.0006362863350659609,0.0025957573670893908,0.16471385955810547,0.07252202183008194,0.97517243943687,1.99864661693573,0.7629843950271606,0.9721193993843712,2.187943935394287,0.817829966545105,0.9652785952892847,0.019825074821710587,0.009682269766926765,0.9919307031313936,10.341009140014648,3.7831389904022217,0.9930917429222745,1.818299412727356,0.79390549659729,0.9584646602989656
bpswmm_132,899,0.001843529986217618,0.0005881194374524057,0.0024316494236700237,0.15960733592510223,0.08117202669382095,0.9804480233416412,1.5088545083999634,0.7807065844535828,0.9764516561557228,1.5491503477096558,0.828315019607544,0.9727124889615921,0.021023130044341087,0.011194891296327114,0.9906459021307303,12.090911865234375,4.6482014656066895,0.9908586845920534,1.426144003868103,0.8745162487030029,0.961000938801053
bpswmm_67,479,0.001826767809689045,0.0005610050284303725,0.0023877728381194174,0.16547392308712006,0.07190734148025513,0.9792912480630931,1.3498709201812744,0.6570683121681213,0.9632358748011937,1.3902032375335693,0.7227928042411804,0.9565183952842724,0.020709168165922165,0.009452935308218002,0.9916806960446835,10.358442306518555,3.673342704772949,0.9941259560082605,1.331284523010254,0.737908661365509,0.9341857097290003
bpswmm_104,719,0.0016944450326263905,0.0006423586746677756,0.002336803707294166,0.18774756789207458,0.08151790499687195,0.9644146678309843,1.2824386358261108,0.643230676651001,0.8702289056767519,1.3829796314239502,0.706730306148529,0.8295794782508528,0.021916188299655914,0.01186993159353733,0.9874442315115959,9.98799991607666,4.571078300476074,0.9914120881673529,1.2241003513336182,0.7342939376831055,0.7903519403900301
bpswmm_79,539,0.001754332915879786,0.0005201137973926961,0.002274446713272482,0.1592208594083786,0.06926929950714111,0.9792077233675264,1.3130666017532349,0.6323533058166504,0.9677304253146055,1.3530654907226562,0.6962919235229492,0.9616832714517722,0.01968461647629738,0.008959759958088398,0.9924799860534363,9.789824485778809,3.437020778656006,0.9943765819156616,1.284546136856079,0.6978760361671448,0.943001377880577
bpswmm_139,899,0.0017032187897711992,0.0005648679798468947,0.002268086769618094,0.151657834649086,0.07596037536859512,0.981372466906795,1.5611225366592407,0.7268929481506348,0.9762115626939626,1.6553045511245728,0.795020580291748,0.9712626828841058,0.018455397337675095,0.01012931577861309,0.9930654422738534,9.044716835021973,3.9516851902008057,0.9951353726071969,1.433119773864746,0.8031167984008789,0.9635030479118655
bpswmm_720,539,0.0016918263863772154,0.0005694758729077876,0.002261302259285003,0.19067694246768951,0.06422147899866104,0.9608281227871294,1.0261465311050415,0.46032828092575073,0.857871882984008,1.0597004890441895,0.49702513217926025,0.8303217335336481,0.024037150666117668,0.01034629251807928,0.9852469435241108,12.194720268249512,4.016561508178711,0.9868537424660737,0.9837934374809265,0.5263192653656006,0.7706699333659164
bpswmm_108,719,0.0015928215580061078,0.0005598249845206738,0.0021526465425267816,0.1536109745502472,0.06978955864906311,0.9780957108651365,1.3459550142288208,0.6197232604026794,0.9683978710395864,1.3864666223526,0.6676877737045288,0.9627287100581097,0.02200610749423504,0.009308272041380405,0.9895330440780068,10.724650382995605,3.759547710418701,0.99177790065023,1.2549521923065186,0.6763970255851746,0.9497755354069969
bpswmm_714,539,0.001646347576752305,0.0004910608404316008,0.002137408417183906,0.15560007095336914,0.07138315588235855,0.9816817803341998,1.2246088981628418,0.6348384022712708,0.9685049920316684,1.2475758790969849,0.6911588907241821,0.9633688907396464,0.019509436562657356,0.009257853962481022,0.9924989717680746,9.598869323730469,3.5949087142944336,0.9948699714332397,1.1898441314697266,0.7099390625953674,0.9451447805095714
bpswmm_721,539,0.0013745194301009178,0.0007046919199638069,0.0020792113500647247,0.17974863946437836,0.07411178946495056,0.9593614565930492,1.2700530290603638,0.5816165804862976,-2.021073783145119,1.2814514636993408,0.5984418392181396,-2.470444810968498,0.023213893175125122,0.012320679612457752,0.9788517030666765,13.739928245544434,5.249873638153076,0.9620255707600723,1.2806168794631958,0.7185051441192627,-4.566315321824778
bpswmm_713,539,0.0015208306722342968,0.0005406323471106589,0.0020614630193449557,0.16985288262367249,0.07186764478683472,0.9473384115922885,1.2187989950180054,0.5625481009483337,0.9553610623015416,1.2527174949645996,0.6005626320838928,0.9486306348045626,0.019908303394913673,0.010615522973239422,0.9855540198860718,9.343667984008789,3.7906494140625,0.9875106273458342,1.1019055843353271,0.5829141139984131,0.9358019377506289
bpswmm_105,719,0.0015560741303488612,0.0004802459152415395,0.0020363200455904007,0.14253093302249908,0.06579569727182388,0.9842419441884059,1.7235727310180664,0.725730299949646,0.9651295641935634,1.8690228462219238,0.8005688190460205,0.9567909496396619,0.017572343349456787,0.008809266611933708,0.9940231698886293,9.11428165435791,3.5393729209899902,0.995363558341016,1.5729604959487915,0.7903289794921875,0.947615302953307
bpswmm_65,479,0.0012761460384353995,0.0005088490433990955,0.001784995081834495,0.1762147694826126,0.0654265284538269,0.9195409168422893,0.9393165707588196,0.4154522716999054,-1.249702609492326,0.9702866077423096,0.4320114254951477,-1.6635954052954935,0.017850279808044434,0.009762348607182503,0.9798872283714728,10.441070556640625,3.783109664916992,0.9569385076326463,0.9370549917221069,0.4949742555618286,-3.0133855709559088
